State,District,Latitude,Longitude,District code,Population,Male,Female,Literate,Male_Literate,Female_Literate,SC,ST,Hindus,Muslims,Christians,Sikhs,Buddhists,Jains,Others_Religions,Age_Group_0_29,Age_Group_30_49,Age_Group_50,sex_ratio,literacy_rate
Andhra Pradesh,Adilabad,19.284513950073435,78.81321233480176,532,2741239,1369597,1371642,1483347,856350,626997,488596,495794,2399901,275970,15422,1377,25510,617,322,1536378,704551,422522,100.0,100.0
Andhra Pradesh,Anantapur,14.312065561843148,77.4601584478577,553,4081148,2064495,2016653,2310960,1338474,972486,583135,154127,3599372,443456,20463,932,341,1417,309,2189396,1104565,739612,100.0,100.0
Andhra Pradesh,Chittoor,13.33109263067696,78.92763898886037,554,4174064,2090204,2083860,2667878,1484794,1183084,785760,159165,3737588,397870,24129,867,253,1322,358,2148179,1159053,807430,100.0,100.0
Andhra Pradesh,East Godavari,16.782718320784902,82.2432074720511,545,5154296,2569688,2584608,3288577,1716933,1571644,945269,213195,4983330,77777,77825,738,413,4149,403,2724328,1478954,948122,100.0,100.0
Andhra Pradesh,Guntur,15.884925767634847,80.58657614107885,548,4887813,2440521,2447292,2960441,1634726,1325715,957407,247089,4217597,559770,89763,764,323,3282,332,2583462,1371811,928462,100.0,100.0
Andhra Pradesh,Hyderabad,17.38971555555556,78.46668888888888,536,3943323,2018575,1924748,2892155,1542688,1349467,247927,48937,2046051,1713405,87522,11446,1268,19560,1929,2249130,1068243,542669,100.0,100.0
Andhra Pradesh,Karimnagar,18.515483193277312,79.43765428571413,534,3776269,1880800,1895469,2206829,1257238,949591,709757,106745,3491139,244723,24979,2086,332,312,115,1940234,1031735,728494,100.0,100.0
Andhra Pradesh,Khammam,17.683921325051784,80.67008643892335,541,2797370,1390988,1406382,1630234,901640,728594,462896,765565,2595321,158887,33463,655,217,459,539,1530602,774583,477955,100.0,100.0
Andhra Pradesh,Krishna,16.143872753151673,81.14805061000413,547,4517398,2267375,2250023,3009718,1598959,1410759,871063,132464,4023678,307043,145598,1393,863,6320,906,2340943,1284630,833959,100.0,100.0
Andhra Pradesh,Kurnool,15.43759715142429,77.90086836581717,552,4053463,2039227,2014236,2127161,1246369,880792,737945,82831,3328380,670737,33165,737,255,2235,434,2368684,1053618,609027,100.0,100.0
Andhra Pradesh,Mahbubnagar,16.639546224256293,77.98933089244859,538,4053028,2050386,2002642,1940646,1158386,782260,708954,364269,3673456,334172,21345,658,290,388,267,2360874,1027525,637430,100.0,0.0
Andhra Pradesh,Medak,17.889304978038055,78.13778901903379,535,3033288,1523030,1510258,1637137,953406,683731,537947,168985,2637313,342449,34301,1309,554,457,217,1735769,779738,509368,100.0,100.0
Andhra Pradesh,Nalgonda,17.113250515463907,79.16984453608244,539,3488809,1759772,1729037,2001019,1160757,840262,637385,394279,3249231,188646,35025,937,241,250,132,1932349,897137,651748,100.0,100.0
Andhra Pradesh,Nizamabad,18.429485849056604,78.07523490566035,533,2551335,1250641,1300694,1389810,790214,599596,371074,192941,2123426,391596,19653,2357,1847,542,146,1399773,676401,437573,100.0,100.0
Andhra Pradesh,Prakasam,15.489039001601704,80.11665790176184,549,3397448,1714764,1682684,1904435,1107686,796749,787861,151145,3150195,220654,18775,266,97,204,206,1832695,917391,641707,100.0,100.0
Andhra Pradesh,Srikakulam,18.570900998697432,84.25874814010675,542,2703114,1341738,1361376,1495381,857824,637557,255664,166118,2666950,9025,18879,193,77,160,106,1423119,747385,528736,100.0,100.0
Andhra Pradesh,Vizianagaram,18.28329696032972,83.45982854198873,543,2344474,1161477,1182997,1238388,707503,530885,247728,235556,2299129,16423,17853,380,114,815,183,1206366,666394,451469,100.0,100.0
Andhra Pradesh,Warangal,18.01752608695651,79.87422028985509,540,3512576,1759281,1753295,2065023,1179790,885233,616102,530656,3273755,197333,31377,1453,253,569,126,1891954,941452,664872,100.0,100.0
Andhra Pradesh,West Godavari,16.63297943925236,81.45912990654196,546,3936966,1964918,1972048,2652389,1379223,1273166,811698,109072,3733191,86142,109120,288,209,1578,211,2051513,1127764,755533,100.0,100.0
Arunachal Pradesh,Changlang,27.36048479338845,96.37552644628106,253,148226,76948,71278,73174,44027,29147,0,53878,47683,2134,35969,94,50381,95,11738,96630,35018,16414,100.0,0.0
Arunachal Pradesh,East Kameng,27.371194055944056,93.04741486013997,247,78690,38775,39915,38449,21599,16850,0,72400,12333,652,37136,36,452,23,27868,53752,17922,6960,100.0,0.0
Arunachal Pradesh,East Siang,28.15382352941176,95.06499226006191,251,99214,50116,49098,62576,34210,28366,0,69979,27854,2289,18254,69,776,30,49393,61993,25334,11802,100.0,100.0
Arunachal Pradesh,Kurung Kumey,28.04853351800553,93.24531994459834,256,92076,45318,46758,36606,20258,16348,0,90764,4859,471,51189,43,121,81,34158,64379,20713,6836,100.0,0.0
Arunachal Pradesh,Lohit,27.946785273972623,96.59670770547945,259,145726,76221,69505,83062,48380,34682,0,47410,99020,3846,10684,210,24452,104,7277,94890,35493,15195,100.0,100.0
Arunachal Pradesh,Lower Dibang Valley,28.32651730103806,95.76567335640142,258,54080,28053,26027,31849,18087,13762,0,25974,28915,2247,9213,33,2932,19,10393,35140,13254,5652,100.0,100.0
Arunachal Pradesh,Lower Subansiri,27.70849297297297,93.96226108108112,255,83030,41843,41187,54057,29470,24587,0,72911,9551,1482,34402,27,193,13,37085,55258,20305,7412,100.0,100.0
Arunachal Pradesh,Papum Pare,27.273529716981127,93.54468183962264,248,176573,89182,87391,121048,65794,55254,0,117216,57027,6148,84397,310,4768,139,22586,120592,43812,11856,100.0,100.0
Arunachal Pradesh,Tawang,27.680683962264148,91.82504245283016,245,49977,29151,20826,26073,17720,8353,0,34811,11842,787,776,1164,34920,72,349,30709,13849,5399,100.0,100.0
Arunachal Pradesh,Tirap,26.94406229508198,95.41470327868862,254,111975,57604,54371,47974,29313,18661,0,98372,20682,1103,83361,61,778,43,5325,71785,25669,14423,100.0,0.0
Arunachal Pradesh,Upper Siang,28.8309244897959,95.00155765306124,252,35320,18699,16621,18195,10723,7472,0,28468,5261,411,5643,27,2577,7,20967,21090,8910,5252,100.0,100.0
Arunachal Pradesh,Upper Subansiri,28.277196566523585,93.8991435622318,249,83448,41758,41690,45278,24807,20471,0,78323,13474,521,8779,28,297,11,59449,56054,20055,7230,100.0,100.0
Arunachal Pradesh,West Kameng,27.46486582278483,92.65015750452083,246,83947,46155,37792,48492,29566,18926,0,46380,31265,1970,8466,328,36087,71,5556,53026,22362,8493,100.0,100.0
Arunachal Pradesh,West Siang,28.106296920289843,94.53510344202908,250,112274,58168,54106,64746,36777,27969,0,92783,15881,2218,29969,577,3311,49,60005,70415,28305,13469,100.0,100.0
Assam,Barpeta,26.427872264631056,90.97912010178116,303,1693622,867004,826618,897058,499038,398020,95320,27344,492966,1198036,1020,112,49,399,14,1072312,405046,215355,100.0,100.0
Assam,Bongaigaon,26.45012521994133,90.6734296187684,319,738804,375818,362986,434078,237114,196964,82784,18835,359145,371033,5924,384,236,871,9,458796,184849,94939,100.0,100.0
Assam,Cachar,24.815570668693017,92.86849650455927,316,1736617,886284,850333,1174128,639946,534182,264897,17569,1038985,654816,37635,280,341,1673,98,1048990,444899,241776,100.0,100.0
Assam,Darrang,26.58463215962442,92.04141338028155,325,928500,475273,453227,487039,268666,218373,40260,8419,327322,597392,1688,431,57,724,19,583436,226525,118102,100.0,100.0
Assam,Dhemaji,27.586533438485816,94.71336908517353,308,686133,351249,334884,423028,237761,185267,44225,325560,655052,13475,8711,297,911,167,6315,434221,169630,82051,100.0,100.0
Assam,Dibrugarh,27.30612284482757,95.0998282327587,310,1326335,676434,649901,884531,491361,393170,58876,102871,1198401,64526,52968,2261,4673,1055,46,767147,371864,186774,100.0,100.0
Assam,Goalpara,26.017277777777807,90.59869891598912,302,1008183,513292,494891,563577,304302,259275,45094,231570,347878,579929,77862,771,194,477,103,650509,239831,117427,100.0,100.0
Assam,Golaghat,26.377219709794485,93.82583397823468,313,1066888,543161,523727,721764,396475,325289,62298,111765,917426,90312,50582,1131,3863,530,1347,629153,289085,148244,100.0,100.0
Assam,Hailakandi,24.457496089385486,92.59154664804475,318,659296,337890,321406,407366,226836,180530,70659,691,251194,397653,8480,84,490,247,636,419921,156243,82841,100.0,100.0
Assam,Jorhat,26.76244824016563,94.30197722567289,312,1092256,556805,535451,794929,432335,362594,88665,139971,1008219,54684,21051,1540,2378,719,578,604908,315550,171062,100.0,100.0
Assam,Kamrup,26.170939452054807,91.58863273972592,321,1517542,778461,739081,995319,550219,445100,107827,182038,877495,601784,33297,319,185,1330,55,895775,408232,212740,100.0,100.0
Assam,Karbi Anglong,26.08966454598031,93.11536570271832,314,956313,490167,466146,557214,314253,242961,44961,538738,766000,20290,157789,370,6260,397,3568,618633,233739,103123,100.0,100.0
Assam,Karimganj,24.69660712250711,92.3679498575498,317,1228686,625864,602822,795297,435942,359355,157890,1940,521962,692489,11990,114,446,524,110,779850,284368,163990,100.0,100.0
Assam,Kokrajhar,26.497246635730868,90.13997470997688,300,887142,452905,434237,489305,275220,214085,29570,278665,529068,252271,101091,93,1718,396,123,552671,224715,108956,100.0,100.0
Assam,Lakhimpur,27.14128805970149,94.0775949253732,307,1042137,529674,512463,683486,375552,307934,81840,249426,797130,193476,46217,412,1074,250,2410,639385,268872,133615,100.0,100.0
Assam,Nagaon,26.26462170626351,92.9306191144708,305,2823768,1439112,1384656,1710716,921850,788866,266350,115153,1225246,1563203,26844,3036,1073,1162,61,1778277,678034,366112,100.0,100.0
Assam,Nalbari,26.46323767605632,91.40598521126763,323,771639,396006,375633,531771,293184,238587,60216,23364,491582,277488,429,62,27,1004,9,442061,211320,117809,100.0,100.0
Assam,Sonitpur,26.73514926829268,92.85197804878044,306,1924110,983904,940206,1108572,620525,488047,109130,232207,1422824,350536,138166,1363,5088,1003,221,1159991,501239,261648,100.0,100.0
Assam,Tinsukia,27.53549291139241,95.69055949367085,309,1327929,680231,647698,798322,453449,344873,37688,82066,1181347,48373,76877,1999,16228,837,395,799874,352158,175377,100.0,100.0
Bihar,Araria,26.211528119180603,87.30766554934816,209,2811569,1463333,1348236,1195768,727643,468125,382654,38848,1593525,1207442,4116,371,187,1910,63,1872943,612012,324091,100.0,0.0
Bihar,Aurangabad,24.774291867469877,84.45986024096379,235,2540073,1318684,1221389,1466002,868733,597269,612064,1033,2291133,237353,2218,295,334,775,19,1626969,564571,340948,100.0,100.0
Bihar,Aurangabad,24.774291867469877,84.45986024096379,515,3701282,1924469,1776813,2503837,1430936,1072901,539368,143366,2545438,786677,15991,5142,309093,30981,1005,2211996,909771,571932,100.0,100.0
Maharashtra,Aurangabad,20.0979228832952,75.32072196796334,235,2540073,1318684,1221389,1466002,868733,597269,612064,1033,2291133,237353,2218,295,334,775,19,1626969,564571,340948,100.0,100.0
Maharashtra,Aurangabad,20.0979228832952,75.32072196796334,515,3701282,1924469,1776813,2503837,1430936,1072901,539368,143366,2545438,786677,15991,5142,309093,30981,1005,2211996,909771,571932,100.0,100.0
Bihar,Banka,24.832355642023337,86.8664916342413,225,2034763,1067140,967623,965321,590961,374360,247858,90432,1772655,250925,6138,139,113,94,1035,1291235,462080,278863,100.0,0.0
Bihar,Begusarai,25.54302613168723,86.12560144032932,222,2970541,1567660,1402881,1548673,918507,630166,432270,1597,2554330,407348,2209,402,229,276,57,1951688,644874,369996,100.0,100.0
Bihar,Bhagalpur,25.277192885375477,87.04213814229242,224,3037766,1615663,1422103,1573066,937669,635397,318569,67180,2487866,537098,3556,415,180,1050,32,1952879,674660,397654,100.0,100.0
Bihar,Bhojpur,25.50666439393939,84.49407803030304,231,2728407,1430380,1298027,1599151,973486,625665,425402,13977,2518216,197819,2165,544,647,1472,48,1722387,613072,387389,100.0,100.0
Bihar,Buxar,25.48593018867924,84.08808081760995,232,1706352,887977,818375,989807,593544,396263,251737,26824,1591454,105423,2125,248,5090,97,57,1074754,375372,253998,100.0,100.0
Bihar,Darbhanga,26.146187719298258,85.97387352472099,215,3937385,2059949,1877436,1816634,1125566,691068,615688,2772,3042729,881476,3534,832,245,236,101,2535344,865971,529314,100.0,0.0
Bihar,Gaya,24.7266541547278,84.94291217765044,236,4391418,2266566,2124852,2297613,1368803,928810,1334351,3098,3876395,488121,3943,913,870,1723,108,2810026,936630,537333,100.0,100.0
Bihar,Gopalganj,26.44874364161851,84.34636127167629,217,2562012,1267666,1294346,1382998,793905,589093,320064,60807,2119262,436057,2463,271,167,133,28,1642807,546202,370662,100.0,100.0
Bihar,Jamui,24.78418380462726,86.26316298200514,238,1760405,916064,844341,858588,534385,324203,302649,78793,1525746,217621,8443,162,159,87,3438,1135919,392052,227016,100.0,0.0
Bihar,Jehanabad,25.155679045643165,84.9208124481328,239,1125313,585582,539731,618881,374412,244469,222974,1285,1045117,75742,691,148,248,60,58,714244,254582,155106,100.0,100.0
Bihar,Katihar,25.56565356037151,87.70466083591326,212,3071029,1600430,1470599,1280190,762256,517934,263100,179971,1684589,1365645,8659,2754,212,507,2141,2054202,660403,353483,100.0,0.0
Bihar,Khagaria,25.53558891454964,86.56593256351037,223,1666886,883786,783100,768028,461153,306875,247161,675,1486989,175588,1253,143,79,86,115,1114645,355531,195796,100.0,0.0
Bihar,Kishanganj,26.324336758321294,87.95045007235886,210,1690400,866970,823430,745056,439921,305135,113118,64224,531236,1149095,5783,398,183,1476,28,1139615,361114,188447,100.0,0.0
Bihar,Lakhisarai,25.183449321266963,86.12825701357468,227,1000912,526345,474567,507270,305182,202088,153209,8333,956396,40886,487,140,52,78,52,650642,218840,130655,100.0,100.0
Bihar,Madhepura,25.77341929460581,86.8978443983403,213,2001762,1047559,954203,834577,517666,316911,346275,12532,1753829,241760,1342,170,60,133,81,1311771,444235,242382,100.0,0.0
Bihar,Madhubani,26.41380538172716,86.16328360450552,207,4487379,2329313,2158066,2155338,1340085,815253,587158,3990,3652168,818912,3262,564,328,442,169,2860455,1009424,611899,100.0,0.0
Bihar,Munger,25.198537962962963,86.54173672839504,226,1367765,729041,638724,801817,473741,328076,183846,21404,1252319,110416,1815,338,95,145,61,860147,316713,188319,100.0,100.0
Bihar,Muzaffarpur,26.18664417177915,85.32745092024543,216,4801062,2527497,2273565,2509232,1487117,1022115,751975,5979,4032773,745546,5149,933,288,382,98,3016735,1079189,697108,100.0,100.0
Bihar,Nalanda,25.229345508982053,85.48053113772461,229,2877653,1497060,1380593,1519933,919558,600375,607672,1442,2669775,198033,1978,393,414,561,64,1829128,642197,403129,100.0,100.0
Bihar,Nawada,24.825708836206903,85.61594568965519,237,2219146,1144668,1074478,1091012,659474,431538,565112,2045,1964620,244394,1299,250,176,279,80,1440781,485628,288805,100.0,0.0
Bihar,Pashchim Champaran,27.16064352201258,84.30265911949685,203,3935042,2061110,1873932,1759481,1091226,668255,553944,250046,3047427,865090,8469,926,1337,296,1895,2544205,888205,497793,100.0,0.0
Bihar,Patna,25.40297114503818,85.3198433587787,230,5838465,3078512,2759953,3459679,2028047,1431632,920918,9069,5356075,439952,12551,4803,1062,2151,203,3626564,1382654,815638,100.0,100.0
Bihar,Purba Champaran,26.68129336734693,85.00382155612242,204,5099371,2681209,2418162,2276957,1407603,869354,649726,12461,4086453,990349,4865,668,878,464,104,3316422,1122340,648009,100.0,0.0
Bihar,Purnia,25.81714801901739,87.40447606973065,211,3264619,1699370,1565249,1332326,805261,527065,390991,139490,1989420,1255641,7989,614,353,1450,650,2155512,696556,372692,100.0,0.0
Bihar,Rohtas,24.99170460829495,83.9350762672811,234,2959918,1543546,1416372,1799832,1061783,738049,549546,31650,2645415,300487,2889,2569,1584,252,537,1875174,673742,407193,100.0,100.0
Bihar,Saharsa,25.821270696721303,86.54670819672135,214,1900661,997174,903487,804996,506374,298622,317249,6009,1629254,266620,1292,197,60,109,8,1249692,415863,233870,100.0,0.0
Bihar,Samastipur,25.793205563909765,85.94833323308269,221,4261566,2230003,2031563,2142880,1293575,849305,803128,1884,3800598,452370,2126,554,292,231,112,2766930,913339,568812,100.0,100.0
Bihar,Saran,25.89656077844312,84.82266287425155,219,3951862,2022821,1929041,2157454,1285767,871687,474066,36786,3534772,406449,2330,371,229,322,107,2516115,847031,585386,100.0,100.0
Bihar,Sheikhpura,25.12472436548223,85.77839390862943,228,636342,329743,306599,328676,196431,132245,131115,617,596102,37653,313,75,41,43,31,413475,136898,85045,100.0,100.0
Bihar,Sheohar,26.458380748663107,85.29539411764709,205,656246,346673,309573,283698,171645,112053,96655,318,552492,99342,522,216,73,52,44,421241,139909,93398,100.0,0.0
Bihar,Sitamarhi,26.56570069686413,85.61172491289203,206,3423574,1803252,1620322,1436794,885188,551606,405714,2989,2672311,740101,2897,261,253,188,20,2206340,739982,449035,100.0,0.0
Bihar,Siwan,26.1736372013652,84.33766552901022,218,3330464,1675090,1655374,1930175,1115906,814269,386685,87000,2712635,608282,2618,369,407,359,86,2115448,713597,498299,100.0,100.0
Bihar,Supaul,26.28157893772896,86.78496465201461,208,2229076,1155283,1073793,1033283,647672,385611,354249,10168,1809936,409251,3758,271,136,546,42,1453438,495020,277610,100.0,0.0
Bihar,Vaishali,25.8134703180212,85.39247597173153,220,3495021,1844535,1650486,1926740,1152576,774164,738031,2274,3152346,333980,2203,707,362,246,71,2176701,759132,486032,100.0,100.0
Chandigarh,Chandigarh,30.7426,76.75872465753424,55,1055450,580663,474787,805438,465346,340092,199086,0,852574,51447,8720,138329,1160,1960,246,602411,303748,148945,100.0,100.0
Chhattisgarh,Bastar,19.393866751269048,81.52895126903546,414,1413199,698487,714712,650863,382335,268528,37963,931780,1277975,12413,27951,2099,985,3466,86925,864272,358157,189569,100.0,0.0
Chhattisgarh,Bilaspur,22.356942982456143,81.99770350877188,30,381956,192764,189192,287620,155599,132021,98989,10693,371973,6984,236,2387,113,10,7,193671,107367,80497,100.0,100.0
Chhattisgarh,Bilaspur,22.356942982456143,81.99770350877188,406,2663629,1351574,1312055,1596560,932474,664086,552992,498469,2540763,57973,20745,6373,2979,2357,29122,1625484,655032,380114,100.0,100.0
Himachal Pradesh,Bilaspur,31.3780422907489,76.65316079295157,30,381956,192764,189192,287620,155599,132021,98989,10693,371973,6984,236,2387,113,10,7,193671,107367,80497,100.0,100.0
Himachal Pradesh,Bilaspur,31.3780422907489,76.65316079295157,406,2663629,1351574,1312055,1596560,932474,664086,552992,498469,2540763,57973,20745,6373,2979,2357,29122,1625484,655032,380114,100.0,100.0
Chhattisgarh,Dhamtari,20.554912627291245,81.7569195519348,412,799781,397897,401884,546833,303924,242909,58581,207633,777188,10425,2644,1196,667,3612,3685,461125,213021,125429,100.0,100.0
Chhattisgarh,Durg,21.194463849287164,81.33181639511197,409,3343872,1682101,1661771,2303378,1284612,1018766,458040,397416,3129745,83499,24304,24276,19587,17209,42569,1919832,898241,523656,100.0,100.0
Chhattisgarh,Jashpur,22.77286167664669,83.8703962075848,402,851669,424747,426922,495415,280656,214759,48844,530378,629509,15336,189588,474,467,694,14835,488965,214455,148100,100.0,100.0
Chhattisgarh,Korba,22.491712499999995,82.57604326923074,404,1206640,612915,593725,748759,433391,315368,124679,493559,1133176,30195,21059,3666,897,753,15649,729708,309479,166959,100.0,100.0
Chhattisgarh,Koriya,23.50412776859501,82.12515636363635,400,658917,334737,324180,397823,229923,167900,54776,304280,604259,25878,9398,1391,84,1155,15474,399581,165022,94073,100.0,100.0
Chhattisgarh,Mahasamund,21.223727037773354,82.65925427435384,411,1032754,511967,520787,637963,364089,273874,139581,279896,1008061,12570,5284,2941,521,1495,1417,582544,272009,177826,100.0,100.0
Chhattisgarh,Raigarh,22.008265068493166,83.27797698630134,403,1493984,750278,743706,951639,542756,408883,224942,505609,1422986,17332,47653,2117,781,409,1782,841958,398257,253488,100.0,100.0
Chhattisgarh,Raigarh,22.008265068493166,83.27797698630134,520,2634200,1344345,1289855,1939994,1059692,880302,134952,305125,2239370,227465,17452,7477,121791,12260,1159,1414154,748339,462741,100.0,100.0
Maharashtra,Raigarh,18.453257637845976,73.0090609418579,403,1493984,750278,743706,951639,542756,408883,224942,505609,1422986,17332,47653,2117,781,409,1782,841958,398257,253488,100.0,100.0
Maharashtra,Raigarh,18.453257637845976,73.0090609418579,520,2634200,1344345,1289855,1939994,1059692,880302,134952,305125,2239370,227465,17452,7477,121791,12260,1159,1414154,748339,462741,100.0,100.0
Chhattisgarh,Raipur,20.88603153846152,82.20032759615388,410,4063872,2048186,2015686,2629749,1493158,1136591,724250,476446,3881485,103038,23181,16707,8397,17137,10680,2454299,1038155,560184,100.0,100.0
Chhattisgarh,Surguja,23.32719278728607,83.23582493887531,401,2359886,1193129,1166757,1187941,694686,493255,115652,1300628,2126195,81442,97432,2303,1287,623,48295,1441436,561915,355077,100.0,100.0
Daman and Diu,Daman,20.431616666666677,72.8392366071429,495,191173,124659,66514,150348,104316,46032,4262,15240,171537,16087,2618,169,216,244,79,122589,52868,15428,100.0,100.0
Daman and Diu,Junagadh,20.72568199498111,70.83985639899612,479,2743082,1404356,1338726,1842818,1046981,795837,265793,55571,2397056,334858,2586,1110,1291,3841,77,1527888,749156,461650,100.0,100.0
Gujarat,Junagadh,20.929523011609785,70.54733890140345,479,2743082,1404356,1338726,1842818,1046981,795837,265793,55571,2397056,334858,2586,1110,1291,3841,77,1527888,749156,461650,100.0,100.0
Goa,North Goa,15.548723418714054,73.80667997909038,585,818008,416677,401331,663060,351738,311322,17606,56606,622213,57941,134169,618,553,546,166,380926,260533,175035,100.0,100.0
Goa,South Goa,15.195278658183785,73.941792596877,586,640537,322463,318074,502427,264085,238342,7843,92669,341664,63623,231961,855,542,563,92,314480,194872,130605,100.0,100.0
Gujarat,Ahmadabad,22.605425564971743,72.23898135593227,474,7214225,3788051,3426174,5435760,3025463,2410297,759483,89138,6042416,883238,50754,14542,4518,209287,2055,3952858,2043895,1198152,100.0,100.0
Gujarat,Amreli,21.04832649310872,71.43457637825426,480,1514190,771049,743141,995459,558180,437279,132915,7322,1410463,99105,919,415,243,2053,40,836343,389892,282409,100.0,100.0
Gujarat,Anand,22.282718206229863,72.57782051557454,482,2092745,1087224,1005521,1551253,874481,676772,104465,24824,1798794,250919,29789,1524,267,8591,142,1134962,585093,366419,100.0,100.0
Gujarat,Banas Kantha,24.258538965517253,71.93205252873561,469,3120506,1610379,1510127,1704923,1048402,656521,327460,284155,2890305,213505,1686,486,281,12659,83,1984701,738412,394793,100.0,100.0
Gujarat,Bharuch,21.75787276237761,72.67326346710801,488,1551019,805707,745312,1118276,623047,495229,62235,488194,1188204,343511,9494,1733,442,4813,342,844298,442523,254728,100.0,100.0
Gujarat,Bhavnagar,21.70219390341736,72.16272632761141,481,2880365,1490201,1390164,1887255,1087371,799884,157034,9110,2632574,212863,3457,1410,445,26974,127,1708938,720241,445121,100.0,100.0
Gujarat,Gandhinagar,23.193679790026252,72.67221679790026,473,1391753,723864,667889,1030494,582686,447808,108608,18204,1319586,57273,3237,1985,497,6405,82,769329,391862,224886,100.0,100.0
Gujarat,Jamnagar,22.410600414263328,69.62062005768233,477,2160119,1114192,1045927,1396534,795140,601394,173895,24187,1810443,320805,4392,1873,1086,18856,136,1220598,576319,358455,100.0,100.0
Gujarat,Kachchh,23.48057203301311,68.82192301497916,468,2092371,1096737,995634,1252319,739239,513080,258859,24228,1608921,442355,6192,6353,490,25312,98,1278604,524052,286086,100.0,100.0
Gujarat,Kheda,22.88765312500002,73.018803515625,483,2299885,1185727,1114158,1660243,942480,717763,115631,40336,2000884,264482,26629,1403,300,3479,82,1260660,628221,388646,100.0,100.0
Gujarat,Mahesana,23.529355452865065,72.45545194085031,471,2035064,1056520,978544,1502645,847499,655146,162288,9392,1885732,136431,1954,1082,146,7087,88,1119451,554432,357578,100.0,100.0
Gujarat,Narmada,21.70666386292833,73.68403208722742,487,590297,301086,289211,370336,211767,158569,8733,481392,559848,22600,4413,147,80,373,2078,336830,157910,93466,100.0,100.0
Gujarat,Navsari,20.866973318871995,72.86184869848157,490,1329672,678165,651507,1001909,539471,462438,35464,639659,1225087,78669,5733,2459,601,13386,2823,673014,390349,258957,100.0,100.0
Gujarat,Panch Mahals,22.80435606837605,73.61984598290586,484,2390776,1226961,1163815,1440805,858054,582751,100446,721604,2220974,158513,2863,662,337,5236,131,1421859,599925,363391,100.0,100.0
Gujarat,Patan,23.80634198473284,71.75162977099237,470,1343734,694397,649337,837913,494631,343282,123408,13303,1194745,142797,916,337,66,3602,66,786357,341381,213465,100.0,100.0
Gujarat,Porbandar,21.55092351651571,69.71896987722886,478,585449,300209,285240,393678,221621,172057,51830,13039,549749,33565,500,248,91,515,38,314886,163777,105638,100.0,100.0
Gujarat,Rajkot,22.40603377715488,70.83679439383323,476,3804558,1974445,1830113,2725056,1514075,1210981,290169,24017,3397406,361388,5478,1918,1170,33591,269,2080568,1052871,659576,100.0,100.0
Gujarat,Sabar Kantha,23.71803594548552,73.13638790459964,472,2428589,1244231,1184358,1578734,918625,660109,187685,542156,2260560,148563,6375,614,168,11110,52,1393131,630963,400905,100.0,100.0
Gujarat,Surat,21.25761372772093,72.93488716344339,492,6081322,3402224,2679098,4571410,2687468,1883942,158115,856952,5260193,660772,21052,5703,12902,112835,3920,3563443,1740746,723415,100.0,100.0
Gujarat,Surendranagar,22.82672007299272,71.48358740875906,475,1756268,909917,846351,1093626,643221,450405,179461,21453,1620282,109681,1419,512,312,22992,128,1033435,439352,280582,100.0,100.0
Gujarat,The Dangs,20.801633877551023,73.6883518367347,489,228291,113821,114470,140968,77314,63654,992,216073,203545,3593,20029,69,32,39,560,146095,51821,30027,100.0,100.0
Gujarat,Vadodara,22.26133739279589,73.49433010291594,486,4165626,2153736,2011890,2893080,1614087,1278993,221629,1149901,3713941,384579,23813,9340,2069,27650,1124,2213474,1190041,733710,100.0,100.0
Gujarat,Valsad,20.44238231644259,72.9148584798345,491,1705678,887222,818456,1170657,655528,515129,38237,902794,1571147,94034,19661,1589,913,13809,1417,944532,485874,259906,100.0,100.0
Haryana,Ambala,30.3503672316384,76.94970310734456,70,1128350,598703,529647,818025,461288,356737,296246,0,955096,22143,3705,138202,381,4845,110,617859,308126,201685,100.0,100.0
Haryana,Bhiwani,28.728868064516128,76.02110225806452,81,1634445,866672,767773,1069871,643158,426713,341162,0,1611031,15515,873,2401,254,1016,26,964960,405760,261428,100.0,100.0
Haryana,Faridabad,28.14873109756098,77.32718536585368,88,1809733,966110,843623,1272739,734940,537799,223799,0,1588407,161680,9743,34572,640,4883,249,1095602,481318,231029,100.0,100.0
Haryana,Fatehabad,29.57298318584072,75.54608716814157,78,942011,495360,446651,557578,327471,230107,284357,0,779243,8360,996,150969,171,1172,530,555745,237009,147469,100.0,100.0
Haryana,Gurgaon,28.043894789579163,77.01935130260523,86,1514432,816690,697742,1111116,638666,472450,197937,0,1408801,70842,9725,15097,944,7451,254,875531,428101,210307,100.0,100.0
Haryana,Hisar,29.23628731117825,75.84324682779452,80,1743931,931562,812369,1114311,670200,444111,408785,0,1701061,21650,1945,12270,334,3620,33,1017830,456536,265109,100.0,100.0
Haryana,Jhajjar,28.59651868131869,76.61137142857145,83,958405,514667,443738,676091,399480,276611,170448,0,945693,8247,734,1042,105,645,22,549975,245095,162356,100.0,100.0
Haryana,Jind,29.45149821958457,76.29598575667653,77,1334152,713006,621146,832758,502049,330709,282351,0,1276669,23016,889,29103,172,2594,56,784085,335704,213478,100.0,100.0
Haryana,Kaithal,29.96068539094649,76.37698930041155,73,1074304,571003,503301,646529,385782,260747,247513,0,974520,8232,1769,87558,265,351,70,630194,265813,176320,100.0,100.0
Haryana,Karnal,29.703200647249204,76.87488025889972,74,1505324,797712,707612,978013,564516,413497,339604,0,1341002,31650,2049,126207,532,1516,49,884972,380409,234684,100.0,100.0
Haryana,Kurukshetra,30.05652659846548,76.78774680306903,72,964655,510976,453679,646893,370828,276065,215128,0,805175,15970,1943,140395,214,375,106,552034,250830,160216,100.0,100.0
Haryana,Mahendragarh,28.1352161458333,76.14018072916659,84,922088,486665,435423,630255,380440,249815,156314,0,913251,5660,301,1737,75,644,15,530000,229392,161258,100.0,100.0
Haryana,Panchkula,30.700897142857134,76.97173238095236,69,561293,299679,261614,405318,229862,175456,101830,0,490702,23451,2583,40951,1008,1626,90,309078,157076,93606,100.0,100.0
Haryana,Panipat,29.34352134146342,76.92895914634147,75,1205437,646857,558580,786599,464136,322463,206213,0,1083936,86622,2261,25064,289,4647,99,739075,298764,167244,100.0,100.0
Haryana,Rewari,28.19164714828897,76.55956007604564,85,900332,474335,425997,636947,375453,261494,182606,0,889133,5713,701,1804,202,1525,12,518747,230704,150557,100.0,100.0
Haryana,Rohtak,28.892517647058817,76.53123235294117,82,1061204,568479,492725,747582,436025,311557,216889,0,1043887,8185,732,3916,200,3491,24,605741,269354,185685,100.0,100.0
Haryana,Sirsa,29.63583446327684,74.90970480225988,79,1295189,682582,612607,782897,456968,325929,387381,0,940255,9524,2186,338962,370,2256,624,750228,334344,208185,100.0,100.0
Himachal Pradesh,Chamba,32.66741814595661,76.39354063116366,23,519080,261320,257760,323842,186064,137778,111690,135500,479782,32455,1559,2745,1740,57,14,306555,130606,81566,100.0,100.0
Himachal Pradesh,Hamirpur,31.67668481012659,76.49767088607594,28,454768,217070,237698,358091,180555,177536,109256,3044,449412,3711,243,591,95,293,9,224044,123941,106641,100.0,100.0
Himachal Pradesh,Hamirpur,31.67668481012659,76.49767088607594,168,1104285,593537,510748,653299,408125,245174,241198,474,1010014,91269,814,196,74,41,273,660774,260368,181109,100.0,100.0
Uttar Pradesh,Hamirpur,25.738158381502892,79.82619479768789,28,454768,217070,237698,358091,180555,177536,109256,3044,449412,3711,243,591,95,293,9,224044,123941,106641,100.0,100.0
Uttar Pradesh,Hamirpur,25.738158381502892,79.82619479768789,168,1104285,593537,510748,653299,408125,245174,241198,474,1010014,91269,814,196,74,41,273,660774,260368,181109,100.0,100.0
Himachal Pradesh,Kangra,32.14093603238864,76.41205910931173,24,1510075,750591,759484,1152640,606443,546197,319385,84564,1461140,19797,3023,8929,14511,194,208,766581,419172,319420,100.0,100.0
Himachal Pradesh,Kinnaur,31.60667184065933,78.51613736263741,34,84121,46249,37872,60699,36697,24002,14750,48746,64732,448,485,249,18086,29,45,42360,26599,15075,100.0,100.0
Himachal Pradesh,Kullu,31.90911922077925,77.40922649350647,26,437903,225452,212451,307672,174550,133122,122659,16822,415669,2974,1568,1396,15377,94,83,244727,120510,72282,100.0,100.0
Himachal Pradesh,Mandi,31.635805940594054,76.96556930693067,27,999777,498065,501712,723747,393669,330078,293739,12787,981412,9460,876,4081,2628,43,86,524285,279321,194661,100.0,100.0
Himachal Pradesh,Shimla,31.155725451807253,77.62573042168668,33,814010,425039,388971,612642,342846,269796,215777,8755,791449,11810,2025,4047,3262,185,197,425721,241956,145577,100.0,100.0
Himachal Pradesh,Sirmaur,30.682764453961443,77.43184689507493,32,529855,276289,253566,362645,205617,157028,160745,11262,476830,33215,577,15501,2645,236,86,310244,136839,82471,100.0,100.0
Himachal Pradesh,Solan,31.03864311926604,76.94442140672783,31,580320,308754,271566,428578,244372,184206,164536,25645,548579,14678,1452,13926,574,591,110,321533,167168,90808,100.0,100.0
Himachal Pradesh,Una,31.58330388349513,76.18353932038836,29,521173,263692,257481,399715,213281,186434,115491,8601,480138,14275,390,26009,56,70,10,273223,142351,105358,100.0,100.0
Jammu and Kashmir,Doda,33.359614675767915,76.07163720136518,16,409936,213641,196295,219083,138620,80463,53408,39216,187621,220614,472,422,21,22,42,263576,93189,52744,100.0,100.0
Jammu and Kashmir,Jammu,32.713199095022645,74.8477520361991,21,1529958,813821,716137,1137135,641916,495219,377991,69193,1289240,107489,12104,114272,470,1987,321,816827,435895,275585,100.0,100.0
Jammu and Kashmir,Kargil,33.565994894894914,76.63675315315312,4,140802,77785,63017,86236,56301,29935,18,122336,10341,108239,604,1171,20126,28,4,87532,35561,17488,100.0,100.0
Jammu and Kashmir,Kathua,32.51781678321678,75.58901398601404,7,616435,326109,290326,389204,228499,160705,141224,53307,540063,64234,1828,9551,24,16,2,357864,160123,97684,100.0,100.0
Jammu and Kashmir,Pulwama,33.88414418604652,75.00921860465118,12,560440,293064,267376,293958,178326,115632,402,22607,13840,535159,1109,9440,35,6,18,342601,137032,80111,100.0,100.0
Jammu and Kashmir,Punch,33.791241290322574,74.29593161290322,5,476835,251899,224936,261724,163333,98391,556,176101,32604,431279,958,11188,83,10,2,304979,109818,61334,100.0,100.0
Jammu and Kashmir,Srinagar,34.27312898550724,75.11021159420288,10,1236829,651124,585705,748584,431746,316838,1068,8935,42540,1177342,2746,12187,285,74,2,693238,351561,190330,100.0,100.0
Jammu and Kashmir,Udhampur,33.04770670731707,75.15286951219511,19,554985,296784,258201,322354,197543,124811,138569,56309,489044,59771,1962,3418,106,57,235,339145,140785,74757,100.0,100.0
Jharkhand,Bokaro,23.6814965034965,85.98398374125864,355,2062330,1072807,989523,1273520,759088,514432,299227,255626,1636460,241451,13730,4174,1890,2045,160524,1261238,510375,282115,100.0,100.0
Jharkhand,Chatra,24.11619945750453,84.93295804701627,347,1042886,533935,508951,510061,303902,206159,340553,45563,903179,116710,6565,888,35,129,12936,692650,222892,126682,100.0,0.0
Jharkhand,Deoghar,24.33070100755672,86.75697632241814,350,1492073,775022,717051,793538,489837,303701,190036,180962,1165140,302626,6027,143,188,282,16067,944961,338413,205514,100.0,100.0
Jharkhand,Dhanbad,23.854509090909097,86.40372924901185,354,2684487,1405956,1278531,1722204,1014950,707254,437309,233119,2149480,431762,11243,9727,331,1268,77182,1634835,648876,356445,100.0,100.0
Jharkhand,Dumka,24.275006125574265,87.27662450229711,362,1321442,668514,652928,672409,406275,266134,79614,571077,1044726,106865,86404,234,267,162,78622,799323,324226,196164,100.0,100.0
Jharkhand,Garhwa,24.082114689265527,83.68664265536722,346,1322784,683575,639209,653476,405161,248315,319946,205874,1104475,194680,17168,123,371,20,4591,860869,284036,177599,100.0,0.0
Jharkhand,Giridih,24.30578509874329,86.08710915619386,349,2445474,1258098,1187376,1253475,783736,469739,325493,238188,1856202,508586,14645,937,650,1503,59218,1597269,533788,312967,100.0,100.0
Jharkhand,Godda,24.8189,87.2941735483871,351,1313551,677927,635624,604519,376212,228307,115567,279208,937126,289182,37795,97,128,115,47067,820367,308639,183519,100.0,0.0
Jharkhand,Gumla,23.078532948929148,84.55056787479396,366,1025213,514390,510823,559720,321795,237925,32459,706754,309563,51429,202449,221,531,23,457468,643579,225871,155452,100.0,100.0
Jharkhand,Jamtara,23.97873318077801,86.95325080091534,363,791042,404830,386212,426312,258260,168052,72885,240489,550560,164406,4419,520,118,783,68564,480895,189889,116810,100.0,100.0
Jharkhand,Latehar,23.72511185840708,84.48298743362837,359,726978,369666,357312,350682,209706,140976,154910,331096,473049,69808,47653,120,128,16,133525,484084,152720,89870,100.0,0.0
Jharkhand,Lohardaga,23.488796043165483,84.6605169064748,356,461790,232629,229161,259707,149568,110139,15330,262734,112378,95012,16770,51,33,15,235987,298844,100340,62244,100.0,100.0
Jharkhand,Pakur,24.57260428082189,87.69691969178076,353,900422,452661,447761,352881,206989,145892,28469,379054,410127,322963,75865,356,283,222,88760,587976,206826,104418,100.0,0.0
Jharkhand,Palamu,24.196925968109337,84.20310842824594,358,1939869,1006302,933567,1024563,621706,402857,536382,181208,1683169,238295,6164,734,188,284,5681,1244572,425668,268387,100.0,100.0
Jharkhand,Ranchi,23.184235061391547,85.31781937244203,364,2914253,1494937,1419316,1911433,1085244,826189,152943,1042016,1612239,410759,193974,4826,932,2733,677445,1742293,725938,409166,100.0,100.0
Jharkhand,Sahibganj,24.93667989690721,87.68264097938142,352,1150567,589391,561176,483263,287303,195960,72341,308343,628044,398243,83208,198,245,125,38426,745027,261849,137727,100.0,0.0
Jharkhand,Simdega,22.608760391198054,84.59193691931536,367,599578,300309,299269,343483,191991,151492,44674,424407,201524,15103,306601,51,753,114,73930,357859,143560,97817,100.0,100.0
Karnataka,Bagalkot,16.15860676328503,75.64526070853468,556,1889752,950111,939641,1113412,641388,472024,319149,97203,1634229,219991,3433,443,412,25198,166,1123443,465706,299774,100.0,100.0
Karnataka,Bangalore Rural,12.936827087794448,77.47369314775169,583,990923,509172,481751,688749,385311,303438,213700,52903,890429,92252,5368,389,272,1045,85,535765,278153,176083,100.0,100.0
Karnataka,Belgaum,16.16107219152853,74.72329042357275,555,4779661,2423063,2356598,3052032,1725548,1326484,577418,297198,4038331,528412,18418,2037,1086,178310,149,2669348,1251116,857143,100.0,100.0
Karnataka,Bellary,15.074377548209377,76.47228471074374,565,2452595,1236954,1215641,1421621,813440,608181,517409,451406,2103633,320834,14014,1029,284,8044,54,1487013,617276,346905,100.0,100.0
Karnataka,Bidar,17.950361730769224,77.19459961538459,558,1703300,870665,832635,1042673,597198,445475,399785,235822,1289709,335184,35438,1145,30453,680,521,1018195,397120,287271,100.0,100.0
Karnataka,Bijapur,16.84015316666667,75.95909166666665,417,255230,128663,126567,86919,54076,32843,10122,204189,245151,1617,2709,68,1649,15,3793,167348,63802,23927,100.0,0.0
Karnataka,Bijapur,16.84015316666667,75.95909166666665,557,2177331,1111022,1066309,1248268,730566,517702,442773,39314,1786830,369588,2433,558,374,8665,499,1295274,527085,353549,100.0,100.0
Karnataka,Chikmagalur,13.425288289676422,75.67626502311249,570,1137961,566622,571339,818345,438257,380088,253651,44970,1004553,101235,26000,182,109,4710,4,564994,341380,230864,100.0,100.0
Karnataka,Chitradurga,14.29102220394736,76.57821957236843,566,1659456,840843,818613,1087392,607188,480204,389117,302554,1520553,128751,3175,322,84,3778,128,891230,460057,306412,100.0,100.0
Karnataka,Davanagere,14.330414586709884,75.91723841166937,567,1945497,986400,959097,1308540,720637,587903,392595,233112,1658465,265805,5420,307,164,6417,1743,1068518,538551,336173,100.0,100.0
Karnataka,Dharwad,15.343831376975173,75.13831264108359,562,1847023,937206,909817,1301664,711776,589888,177855,87548,1390020,386834,28747,1486,715,29037,2748,1017935,505688,322577,100.0,100.0
Karnataka,Gadag,15.507128256880746,75.64861302752298,561,1064570,537147,527423,700177,397178,302999,174196,61654,907750,143665,3432,231,79,5993,74,601578,279069,183409,100.0,100.0
Karnataka,Gulbarga,17.070459515951594,76.87503850385033,579,2566326,1301755,1264571,1427368,828359,599009,648782,65259,2011014,513125,8344,826,9589,4865,330,1570719,604665,388935,100.0,100.0
Karnataka,Hassan,12.945098749999998,76.11049549999997,574,1776421,883667,892754,1225256,668836,556420,345031,32329,1630814,120011,15611,289,623,5820,3,877340,522039,375918,100.0,100.0
Karnataka,Haveri,14.737582809224318,75.3961230607966,564,1597668,819128,778540,1085443,603793,481650,219976,141380,1281878,297927,2406,419,68,9834,702,904453,426094,266586,100.0,100.0
Karnataka,Kodagu,12.39684468085106,75.79336595744688,576,554519,274608,279911,412877,215302,197575,73584,58054,448986,87274,17130,139,126,250,220,276918,163360,113919,100.0,100.0
Karnataka,Kolar,13.312799881235172,78.01376947743476,581,1536401,776396,760005,1016219,564110,452109,465867,78875,1305431,199873,26722,253,150,2494,92,841499,419380,274240,100.0,100.0
Karnataka,Koppal,15.651253271028034,76.1617048598131,560,1389920,699926,689994,809085,468785,340300,258608,164271,1218024,161770,4081,296,85,2898,461,855430,330393,202984,100.0,100.0
Karnataka,Mandya,12.574901806239744,76.81570098522172,573,1805769,905085,900684,1149649,638668,510981,265294,22402,1712695,77801,8506,322,299,3607,109,902307,527236,375100,100.0,100.0
Karnataka,Mysore,12.248100259403367,76.52881802853437,577,3001127,1511600,1489527,1962180,1063766,898414,536643,334547,2631985,290549,39361,1255,16194,14419,493,1580116,865220,553705,100.0,100.0
Karnataka,Raichur,16.050795353982295,76.87368606194688,559,1928812,964511,964301,979769,577213,402556,400933,367071,1634062,272022,10394,538,2265,4156,29,1196670,465173,265810,100.0,100.0
Karnataka,Shimoga,14.063845885634592,75.17882078103197,568,1752753,877415,875338,1263016,674938,588078,308158,65412,1479424,234664,26521,400,120,9234,367,913150,513297,325542,100.0,100.0
Karnataka,Tumkur,13.592467760074973,77.02297966260545,571,2678980,1350594,1328386,1813391,1006024,807367,506901,209559,2413812,245923,9130,477,187,5067,161,1351461,760936,564196,100.0,100.0
Karnataka,Udupi,13.450404228534568,74.72009990316337,569,1177361,562131,615230,926429,465704,460725,75429,52897,1009179,96740,65838,232,161,4534,155,559565,340903,276234,100.0,100.0
Kerala,Alappuzha,9.542602965599087,76.38010796263319,598,2127789,1013142,1114647,1852797,890552,962245,201211,6574,1460447,224545,435056,268,146,74,311,891512,648522,585591,100.0,100.0
Kerala,Ernakulam,10.004879301987431,76.26957729035381,595,3282388,1619557,1662831,2855676,1425723,1429953,268411,16559,1509557,514397,1248137,860,614,1176,1083,1396968,1024720,858010,100.0,100.0
Kerala,Idukki,9.80480963855423,77.04586641566264,596,1108974,552808,556166,923010,471881,451129,145486,55815,541854,82206,481507,100,189,44,384,494456,352163,261471,100.0,100.0
Kerala,Kannur,11.941523076923056,75.35209891725934,589,2523003,1181446,1341557,2138434,1012956,1125478,83350,41371,1509592,742483,262526,424,1118,193,722,1187177,741984,588081,100.0,100.0
Kerala,Kasaragod,12.33310309912974,75.07768497134369,588,1307375,628613,678762,1037492,516476,521016,53283,48857,729987,486913,87454,151,362,130,152,688763,369883,246975,100.0,100.0
Kerala,Kollam,8.929388820570157,76.6360775852431,600,2635375,1246968,1388407,2240273,1074345,1165928,328263,10761,1697635,508500,421598,208,272,63,619,1177359,795245,660965,100.0,100.0
Kerala,Kottayam,9.643701174068417,76.46059673302705,597,1974551,968289,1006262,1749798,861592,888206,153909,21972,983598,126499,858608,204,358,83,565,811653,596302,565048,100.0,100.0
Kerala,Kozhikode,11.392924270557026,75.71158720159153,591,3086293,1470942,1615351,2615443,1266939,1348504,199191,15228,1734958,1211131,131516,297,235,601,588,1487644,909581,686109,100.0,100.0
Kerala,Malappuram,10.97329875666072,75.93910775606876,592,4112920,1960328,2152592,3311315,1597404,1713911,308266,22990,1135259,2888849,81556,205,179,68,579,2406005,1041361,662311,100.0,100.0
Kerala,Palakkad,10.784926903553291,76.49980490693744,593,2809934,1359478,1450456,2239492,1122600,1116892,403833,48972,1875980,812936,114397,220,238,78,400,1395222,802611,608966,100.0,100.0
Kerala,Thiruvananthapuram,8.537101759082221,76.88711502868073,601,3301427,1581678,1719749,2785408,1354857,1430551,372977,26759,2194057,452915,630573,404,301,76,1082,1488441,989238,820024,100.0,100.0
Kerala,Thrissur,10.458932647907687,76.12321940836945,594,3121200,1480763,1640437,2678548,1282261,1396287,324350,9430,1823442,532839,757484,259,278,62,585,1394214,931841,792182,100.0,100.0
Kerala,Wayanad,11.715277464788736,76.07587007042254,590,817420,401684,415736,645585,328136,317449,32578,151443,404460,234185,174453,61,312,1797,286,412806,246590,157326,100.0,100.0
Madhya Pradesh,Anuppur,23.18184220430107,81.86560000000007,461,749237,379114,370123,436595,254120,182475,74385,358543,686524,21473,2132,606,86,1653,35434,444954,193520,109813,100.0,100.0
Madhya Pradesh,Ashoknagar,24.63098846153845,77.82974493927134,459,845071,443837,401234,469109,290304,178805,175764,82072,778214,40707,635,8009,1352,15094,27,535410,194772,114131,100.0,100.0
Madhya Pradesh,Balaghat,21.80020720640569,80.42170053380796,457,1701698,842178,859520,1147623,626468,521155,125426,383026,1519384,38542,5295,1050,72162,4778,58064,969773,453605,276799,100.0,100.0
Madhya Pradesh,Barwani,21.702135714285724,74.91004719710673,441,1385881,699340,686541,549926,313642,236284,87991,962145,1318869,58222,2967,2361,416,2289,263,923665,302833,158594,100.0,0.0
Madhya Pradesh,Betul,21.964626315789477,77.7873428189117,447,1575362,799236,776126,939769,529783,409986,159296,667018,1505745,37590,3271,1078,9651,3759,13048,938819,392728,242592,100.0,100.0
Madhya Pradesh,Bhind,26.35951126187245,78.7618324287653,420,1703005,926843,776162,1094917,676513,418404,374799,6131,1595400,66776,973,4047,12215,19950,73,1040736,399676,258588,100.0,100.0
Madhya Pradesh,Bhopal,23.480726143790854,77.39246623093679,444,2371061,1236130,1134931,1660690,920314,740376,357516,69429,1755861,525434,23432,10789,21688,25950,335,1405814,625594,330291,100.0,100.0
Madhya Pradesh,Burhanpur,21.364567254408065,76.24460478589425,467,757847,388504,369343,408679,233073,175606,64254,230095,552526,180840,1199,1074,19883,1884,99,469838,181605,106034,100.0,100.0
Madhya Pradesh,Chhatarpur,24.813637376460004,79.56449299191374,425,1762375,936121,826254,943033,572010,371023,405313,73597,1676918,70351,1980,968,250,10409,102,1112636,394060,252417,100.0,100.0
Madhya Pradesh,Chhindwara,22.227966971713823,78.76413136439254,455,2090922,1064468,1026454,1294198,731294,562904,232244,769778,1923920,100692,4893,2258,24471,7830,25771,1232263,535316,321977,100.0,100.0
Madhya Pradesh,Damoh,23.76624407960196,79.47049303482588,428,1264219,661873,602346,747715,445737,301978,246337,166295,1186420,47966,1681,1096,119,25005,82,768929,312593,181403,100.0,100.0
Madhya Pradesh,Datia,25.90226439560441,78.63916571428574,422,786754,420157,366597,491445,303815,187630,200270,15061,747693,28483,683,490,7923,453,10,473097,195131,118186,100.0,100.0
Madhya Pradesh,Dewas,22.7851110021322,76.46088805970157,437,1563715,805359,758356,925369,550716,374653,292007,272701,1376591,174259,2355,2330,382,6497,72,943954,388648,230280,100.0,100.0
Madhya Pradesh,Dhar,22.572681718963157,75.1105620736698,438,2185793,1112725,1073068,1077338,638479,438859,145436,1222814,2051219,116202,2261,1607,328,12199,88,1377326,533243,273050,100.0,0.0
Madhya Pradesh,Dindori,22.83738437047757,81.04332966714911,453,704524,351913,352611,378714,222759,155955,39782,455789,605435,6736,4238,260,61,687,84006,419531,181841,102522,100.0,100.0
Madhya Pradesh,Guna,24.49043927178156,77.2235895968791,458,1241519,649362,592157,653980,400537,253443,193115,190819,1172248,49203,1208,3271,529,13474,52,793150,285176,162104,100.0,100.0
Madhya Pradesh,Gwalior,26.04074441964285,78.12782433035713,421,2032036,1090327,941709,1357210,803114,554096,393068,72133,1835299,141735,4119,24790,4361,18058,217,1218319,519728,291451,100.0,100.0
Madhya Pradesh,Harda,22.227659781121783,77.07022571819435,448,570465,294838,275627,352550,203807,148743,92865,159678,527462,38640,683,676,93,1573,55,347774,138882,83417,100.0,100.0
Madhya Pradesh,Hoshangabad,22.595268801996703,78.02168094841929,449,1241350,648725,592625,810644,469199,341445,205007,197300,1175203,52269,4453,3127,1550,3888,107,730768,318232,191501,100.0,100.0
Madhya Pradesh,Indore,22.680265752128648,75.9133801324502,439,3276697,1699627,1577070,2309130,1289631,1019499,545239,217679,2728225,415142,18523,25696,11496,71667,720,1877270,894464,493096,100.0,100.0
Madhya Pradesh,Jabalpur,23.18525572327043,79.98328754716981,451,2463289,1277278,1186011,1756468,980307,776161,348029,375231,2159065,203652,23142,13256,4320,33728,21010,1387369,679185,391903,100.0,100.0
Madhya Pradesh,Jhabua,22.419578015397768,74.40921616766468,464,1025048,515023,510025,352081,214582,137499,17427,891818,960925,15733,38423,141,65,8871,388,684200,220769,119681,100.0,0.0
Madhya Pradesh,Katni,23.724416229116937,80.33819665871127,450,1292042,662013,630029,790773,460583,330190,155717,317699,1240650,37232,3158,1167,157,5342,2643,778414,326582,185857,100.0,100.0
Madhya Pradesh,Mandla,22.70348712446353,80.38600543633753,454,1054905,525272,529633,604962,348033,256929,48425,610528,849518,16558,12450,436,297,1789,170533,614794,278553,160510,100.0,100.0
Madhya Pradesh,Mandsaur,24.19278764044944,75.43588667736759,433,1340411,682851,657560,834591,502898,331693,249024,33092,1192588,125548,1120,849,242,19029,77,781000,346861,211815,100.0,100.0
Madhya Pradesh,Morena,26.37313504531724,77.88447341389724,419,1965970,1068417,897553,1179685,747652,432033,421519,17030,1875495,76159,1092,557,3234,6681,92,1254302,452484,257704,100.0,100.0
Madhya Pradesh,Neemuch,24.70311893333336,75.06608186666664,432,826067,422653,403414,508834,307889,200945,111162,71441,741288,67324,1508,1110,224,14165,115,476995,217403,131227,100.0,100.0
Madhya Pradesh,Panna,24.451325840092657,80.21133001158752,426,1016520,533480,483040,552559,332140,220419,207990,170879,974748,35214,418,186,37,4734,218,635347,235035,144827,100.0,100.0
Madhya Pradesh,Raisen,23.292518206521724,78.16305495923909,446,1331597,700358,631239,820220,479093,341127,225891,205006,1195235,120331,1725,2262,253,10637,190,832939,316319,181524,100.0,100.0
Madhya Pradesh,Rajgarh,23.785499026425583,76.66431223922116,442,1545814,790212,755602,804245,488797,315448,295718,53751,1433879,106928,1243,460,121,1599,50,935230,363218,246447,100.0,100.0
Madhya Pradesh,Ratlam,23.503562290502792,75.14895782122909,434,1455069,738241,716828,825880,485090,340790,198612,409865,1267043,151071,3996,1353,175,29353,123,876905,363858,213560,100.0,100.0
Madhya Pradesh,Rewa,24.861184625158856,81.57572465057183,430,2365106,1225100,1140006,1441757,845572,596185,383508,311985,2268838,85414,1964,832,986,655,232,1460075,540235,362228,100.0,100.0
Madhya Pradesh,Sagar,23.800318709677374,78.71940357771273,427,2378458,1256257,1122201,1545719,908607,637112,501630,221936,2198297,103480,5580,4146,991,62992,168,1470688,569166,335432,100.0,100.0
Madhya Pradesh,Satna,24.62777621776502,80.75547048710598,429,2228935,1157495,1071440,1371781,801051,570730,398569,319975,2158623,59471,2228,1163,364,3135,1689,1365647,535086,326049,100.0,100.0
Madhya Pradesh,Sehore,22.9297199679658,77.06780202883085,445,1311332,683743,627589,780362,469208,311154,271281,145512,1163607,137980,1404,640,357,6232,66,817608,305605,187611,100.0,100.0
Madhya Pradesh,Seoni,22.33230487804874,79.66053863928111,456,1379131,695879,683252,864194,485341,378853,130797,519856,1145052,79739,1857,360,7288,4982,135315,809922,363037,205237,100.0,100.0
Madhya Pradesh,Shahdol,23.44859864559819,81.4596831828442,460,1066063,540021,526042,604194,348761,255433,89733,476008,997073,42426,2372,912,268,1737,19448,645619,269145,150655,100.0,100.0
Madhya Pradesh,Shajapur,23.566620317220547,76.33555181268885,436,1512681,780520,732161,894612,543509,351103,353914,37836,1321003,174724,815,631,179,13755,66,901161,369741,240768,100.0,100.0
Madhya Pradesh,Sheopur,25.78014810996563,77.16911116838484,418,687861,361784,326077,328025,208201,119824,108391,161448,638702,41396,230,6387,201,379,40,449974,155063,82416,100.0,0.0
Madhya Pradesh,Shivpuri,25.37802451874367,77.74861600810549,423,1726050,919795,806255,900846,573242,327604,321515,227802,1648749,51200,1117,7151,3421,12171,72,1106084,389652,227989,100.0,100.0
Madhya Pradesh,Sidhi,24.17547189952905,82.1053783359498,462,1127033,575912,551121,600785,353030,247755,130202,313304,1077545,34419,511,128,92,93,12556,721531,253685,150959,100.0,100.0
Madhya Pradesh,Tikamgarh,25.14099852104666,78.89357064846428,424,1445166,760355,684811,747940,459353,288587,361604,67857,1383475,44143,588,251,109,15569,39,898323,343824,201875,100.0,100.0
Madhya Pradesh,Ujjain,23.319288862745065,75.80383717647058,435,1986864,1016289,970575,1240990,730817,510173,523869,48730,1718204,233133,4659,3241,945,24622,211,1156749,508302,320502,100.0,100.0
Madhya Pradesh,Umaria,23.59601063063061,80.90879477477475,431,644758,330674,314084,356672,210907,145765,58147,300687,620515,15966,667,190,70,220,6028,403030,158140,82984,100.0,100.0
Madhya Pradesh,Vidisha,23.82838307984792,77.9013507604563,443,1458875,769568,689307,862918,512344,350574,292144,67603,1287391,149548,1313,914,295,18490,70,919239,335690,203005,100.0,100.0
Maharashtra,Akola,20.746310479041902,77.12122320359276,501,1813906,932334,881572,1411281,758977,652304,364059,100280,1107809,357253,4483,1504,328033,10205,389,998769,483200,327932,100.0,100.0
Maharashtra,Amravati,21.16520991810736,77.67583503184723,503,2888445,1480768,1407677,2251875,1207104,1044771,506374,404128,2055177,421410,7223,2242,383891,11360,3288,1540590,783549,553265,100.0,100.0
Maharashtra,Bhandara,21.211792649727748,80.10950199637024,506,1200334,605520,594814,899860,488709,411151,200372,88886,1009352,26502,2145,831,154458,1017,3555,626978,333120,232754,100.0,100.0
Maharashtra,Bid,18.952353340080982,75.69319706477731,523,2585049,1349106,1235943,1718507,987185,731322,351254,32722,2174672,320395,2097,824,68482,8719,399,1473882,614615,494436,100.0,100.0
Maharashtra,Buldana,20.56680611183355,76.39017880364096,500,2586258,1337560,1248698,1879874,1048892,830982,470895,124837,1845424,354236,3531,1668,364229,12242,522,1467457,641840,473071,100.0,100.0
Maharashtra,Chandrapur,20.095609090909075,79.31556380471388,509,2204307,1123834,1080473,1578615,872565,706050,348365,389441,1780085,92297,10701,5251,286734,3861,23188,1163802,629890,403719,100.0,100.0
Maharashtra,Dhule,21.274018690400517,74.58719071837263,498,2050862,1054031,996831,1293916,723388,570528,127571,647315,1825460,187901,3653,1422,13405,12818,912,1167569,513908,350747,100.0,100.0
Maharashtra,Gondiya,21.225008411214997,80.17522698598128,507,1322507,661554,660953,1004243,542837,461406,175961,214253,1153861,26157,1827,2160,125282,1568,5080,704214,371908,244111,100.0,100.0
Maharashtra,Hingoli,19.59525302245251,77.09239412780653,512,1177345,606294,571051,790743,450551,340192,182565,111954,863199,127552,992,643,176679,5278,103,692117,281905,201828,100.0,100.0
Maharashtra,Jalgaon,20.8828943415638,75.55140421810695,499,4229917,2197365,2032552,2891882,1629223,1262659,389273,604367,3457615,560261,7091,3091,143865,27404,9662,2352671,1080237,763529,100.0,100.0
Maharashtra,Jalna,19.984612534818933,75.98473607242339,514,1959046,1011473,947573,1195523,699428,496095,272266,42263,1504641,274221,12542,1629,152540,9619,336,1150104,454836,341479,100.0,100.0
Maharashtra,Kolhapur,16.44881301587301,74.12897150793648,530,3876001,1980658,1895343,2825845,1559760,1266085,504461,30206,3379906,286558,15573,1570,29766,154882,1274,1972486,1084858,801590,100.0,100.0
Maharashtra,Latur,18.348687268993856,76.75812607802874,524,2454196,1273140,1181056,1650672,932432,718240,480913,57488,2006984,367664,2387,935,66535,6387,310,1406364,584243,453229,100.0,100.0
Maharashtra,Nagpur,21.196556862745105,79.02166176470584,505,4653570,2384975,2268595,3673808,1959220,1714588,867713,437571,3492202,390974,34667,20469,668050,24528,12181,2460820,1361821,818467,100.0,100.0
Maharashtra,Nanded,19.209316983017,77.6829048951049,511,3361292,1730075,1631217,2189425,1255222,934203,640483,281695,2501741,471951,3902,13540,354189,5049,1273,2008314,809135,535827,100.0,100.0
Maharashtra,Nandurbar,21.523175625248147,74.32638757443429,497,1648295,833170,815125,906509,512099,394410,47985,1141933,1521618,96182,8467,685,4969,6191,2907,1011352,390419,241534,100.0,100.0
Maharashtra,Nashik,20.266912871287143,74.03824168316828,516,6107187,3157186,2950001,4345366,2397538,1947828,554687,1564369,5237009,693052,23946,8912,94783,38212,1795,3580633,1567252,948469,100.0,100.0
Maharashtra,Osmanabad,18.19459456066944,75.99495575313809,525,1657576,861535,796041,1137810,644304,493506,265184,36039,1437623,178925,942,340,28216,4530,195,917343,393539,343021,100.0,100.0
Maharashtra,Parbhani,19.31032425249168,76.70163338870431,513,1836086,942870,893216,1157814,666291,491523,247308,40514,1328385,306364,2081,1371,187899,6238,262,1078349,436486,313455,100.0,100.0
Maharashtra,Pune,18.51696171428573,74.12922881632647,521,9429408,4924105,4505303,7171723,3940210,3231513,1180703,348876,8090254,673704,134192,27090,340404,127786,9873,5184734,2624165,1586132,100.0,100.0
Maharashtra,Ratnagiri,17.210195070127703,73.25725893866404,528,1615069,761121,853948,1199392,619012,580380,66948,20374,1307211,187197,1990,230,113467,3347,95,777431,438905,396967,100.0,100.0
Maharashtra,Sangli,17.154930181086502,74.70713822937628,531,2822143,1435728,1386415,2049467,1121550,927917,353093,18333,2440312,239607,9098,1260,38210,87453,769,1450907,752303,603739,100.0,100.0
Maharashtra,Satara,17.6737908974359,74.18052064102558,527,3003741,1510842,1492899,2225694,1201034,1024660,323236,29635,2691952,146970,4408,1182,141315,12810,676,1517324,800492,671702,100.0,100.0
Maharashtra,Sindhudurg,16.170948049777163,73.51329008172343,529,849651,417332,432319,666067,348289,317778,55586,6976,780384,26264,15471,219,24762,1046,53,382024,242296,222963,100.0,100.0
Maharashtra,Solapur,17.837357937584812,75.42394823609216,526,4317756,2227852,2089904,2910676,1651266,1259410,649745,77592,3795424,441254,9882,1279,35497,28134,568,2402794,1089900,809935,100.0,100.0
Maharashtra,Thane,19.698767747440264,72.79882742564581,517,11060148,5865078,5195070,8227161,4591396,3635765,730089,1542451,8716055,1355630,280700,39149,449617,172052,9862,6184519,3241888,1579921,100.0,100.0
Maharashtra,Wardha,20.80743024390242,78.57259105691062,504,1300774,668385,632389,1019458,552617,466841,188830,149507,1057096,53854,2696,2147,175417,5663,2254,659540,370227,270107,100.0,100.0
Maharashtra,Washim,20.282282394366213,77.25502394366208,502,1197160,620302,576858,869917,487703,382214,229462,80471,859949,142672,1707,518,179330,8476,381,682919,302425,210185,100.0,100.0
Maharashtra,Yavatmal,20.04258346738159,78.05326371760479,510,2772348,1419965,1352383,2022574,1115980,906594,328518,514057,2251401,239236,4567,1596,249874,11422,3745,1549263,733258,483813,100.0,100.0
Manipur,Bishnupur,24.50712111801243,93.8246236024845,275,237399,118782,118617,156333,87313,69020,22113,3287,175102,18691,4264,56,76,16,38457,135220,62907,38815,100.0,100.0
Manipur,Chandel,24.2635812987013,94.09443844155844,280,144182,74579,69603,90302,51053,39249,540,128280,10810,3086,129049,136,400,59,354,86255,39324,18329,100.0,100.0
Manipur,Churachandpur,24.30309718875504,93.38671506024085,274,274143,138820,135323,195935,104013,91922,443,254787,12034,2886,254979,152,495,87,2333,168608,67802,37096,100.0,100.0
Manipur,Senapati,25.08465586034914,94.03366234413956,272,479148,247323,231825,264477,148012,116465,1000,419210,43833,1649,426819,140,2409,53,1243,314439,111516,52008,100.0,100.0
Manipur,Tamenglong,24.98312942238265,93.49450740072204,273,140651,72371,68280,85006,47403,37603,22,134626,2995,589,134760,59,425,57,1144,90273,33290,16924,100.0,100.0
Manipur,Thoubal,24.545392553191498,93.97959893617023,276,422168,210845,211323,269304,152617,116687,40593,1808,267146,107323,4322,106,114,24,42347,251975,107196,62060,100.0,100.0
Manipur,Ukhrul,25.05900314960629,94.44129566929138,279,183998,94718,89280,129829,70148,59681,248,173606,7553,1115,174112,108,635,70,32,113715,43646,25165,100.0,100.0
Meghalaya,East Garo Hills,25.82728228228228,90.64684924924916,294,317917,161223,156694,192147,102513,89634,509,305180,17272,3359,289708,56,1004,38,5617,216742,70424,29926,100.0,100.0
Meghalaya,East Khasi Hills,25.303763888888884,91.75922519841272,298,825922,410749,415173,578030,287270,290760,5642,661158,144935,14185,543394,2495,3111,303,115597,545961,192428,86576,100.0,100.0
Meghalaya,Jaintia Hills,25.33959557069844,92.37608160136298,299,395124,196285,198839,187527,87371,100156,1317,376099,12456,1646,271596,34,284,45,107559,291097,72934,30362,100.0,0.0
Meghalaya,South Garo Hills,25.240568578553614,90.64560349127176,295,142334,73170,69164,82062,45003,37059,319,134237,7036,1050,132984,27,332,10,362,97082,30605,14495,100.0,100.0
Meghalaya,West Garo Hills,25.495285185185185,90.03709947089942,293,643291,324159,319132,358702,193438,165264,8810,474009,122936,106788,389956,209,3392,144,16950,427629,143604,70599,100.0,100.0
Meghalaya,West Khasi Hills,25.500889926739926,91.25364542124538,296,383461,193715,189746,230678,117307,113371,168,375097,6498,1533,366881,58,1313,38,5878,278569,69988,33431,100.0,100.0
Mizoram,Aizawl,23.90781335453101,92.85359459459472,283,400309,199270,201039,340595,169547,171048,627,373542,13249,5264,379134,105,1570,76,505,235892,108094,56092,100.0,100.0
Mizoram,Champhai,23.54166580976866,93.24221799485862,284,125745,63388,62357,100802,51440,49362,17,123466,1075,699,123446,9,151,45,194,78778,29690,17189,100.0,100.0
Mizoram,Kolasib,24.2020004347826,92.73470391304348,282,83955,42918,41037,65895,34147,31748,84,73609,4000,4426,75210,16,108,2,46,52147,20576,11167,100.0,100.0
Mizoram,Lawngtlai,22.36102843137253,92.66964156862753,287,117894,60599,57295,62861,36444,26417,146,112354,1668,522,63892,52,51549,122,2,80723,25303,11831,100.0,100.0
Mizoram,Lunglei,23.007717036172675,92.63512555425892,286,161428,82891,78537,121122,64515,56607,178,153533,5231,1290,127124,74,27543,93,5,100250,39690,21424,100.0,100.0
Mizoram,Mamit,23.73852942502819,92.4330803833147,281,86364,44828,41536,60191,32977,27214,51,82080,2989,1782,69104,13,12328,25,19,55914,20082,10318,100.0,100.0
Mizoram,Saiha,22.35744801061008,93.02827931034489,288,56574,28594,27980,42233,21861,20372,83,54642,933,514,54977,11,102,4,2,37127,12784,6636,100.0,100.0
Mizoram,Serchhip,23.263864705882344,92.914158496732,285,64937,32851,32086,54476,27598,26878,32,62889,991,335,63444,6,60,9,35,39568,15894,9404,100.0,100.0
Nagaland,Dimapur,25.814176811594223,93.75074057971014,265,378811,197394,181417,278037,150142,127895,0,223989,108900,31212,234239,566,1270,2148,157,243392,98601,36618,100.0,100.0
Nagaland,Kohima,25.60311428571428,93.78600657596373,270,267988,138966,129022,197489,107038,90451,0,224738,25496,4384,234955,998,1519,80,335,173701,68485,25557,100.0,100.0
Nagaland,Mokokchung,26.478911764705888,94.522426006192,262,194622,101092,93530,159494,83479,76015,0,178431,9840,2057,181847,78,442,66,6,111243,52853,30363,100.0,100.0
Nagaland,Mon,26.69207374301676,95.03072988826828,261,250260,131753,118507,119626,67432,52194,0,238285,8102,3444,236494,84,1256,314,1,168773,53600,27437,100.0,0.0
Nagaland,Phek,25.63272986577182,94.56814563758392,266,163418,83743,79675,105893,57926,47967,0,157146,3563,950,158224,31,350,17,198,108514,37842,16969,100.0,100.0
Nagaland,Tuensang,26.21104453280316,94.85809880715708,267,196596,101933,94663,117511,63653,53858,0,190916,2979,1052,191864,27,572,5,1,134573,43210,18762,100.0,100.0
Nagaland,Wokha,26.202611551155112,94.1990815181518,264,166343,84505,81838,128208,67385,60823,0,156621,5605,2043,158236,34,318,8,20,106951,40510,18811,100.0,100.0
Nagaland,Zunheboto,26.028178205128206,94.50026666666668,263,140757,71217,69540,102881,53504,49377,0,136561,2580,772,136995,39,286,6,2,91709,32267,16730,100.0,100.0
Orissa,Baleshwar,21.48570932311624,87.08085828011933,377,2320529,1185787,1134742,1621232,902359,718873,478586,275678,2197709,94254,6434,237,111,201,18345,1303828,622575,390611,100.0,100.0
Orissa,Bhadrak,20.95262735257214,86.81496204516931,378,1506337,760260,746077,1094140,596269,497871,334896,30428,1398543,104202,745,169,81,111,61,848660,393629,260486,100.0,100.0
Orissa,Cuttack,20.407640646029623,85.7776810228802,381,2624470,1352760,1271710,2011469,1103033,908436,498633,93745,2457729,141263,11985,1026,6276,1180,168,1372301,743090,499895,100.0,100.0
Orissa,Dhenkanal,20.79887159353349,85.53226836027711,383,1192811,612593,580218,829910,464093,365817,234079,162056,1185542,4805,727,124,366,39,139,641697,326233,222398,100.0,100.0
Orissa,Gajapati,19.121080882352945,84.14015091911759,389,577817,282882,294935,262537,153663,108874,39175,313714,353160,1556,219482,53,2180,66,4,345387,144043,85072,100.0,0.0
Orissa,Ganjam,19.2632617564534,84.80297710437702,388,3529031,1779218,1749813,2210050,1262652,947398,688235,118928,3486059,13315,23975,590,174,170,76,1980232,924756,613249,100.0,100.0
Orissa,Jharsuguda,21.827058566978184,83.93581682242987,371,579505,296690,282815,405879,228092,177787,104620,176758,553587,12783,10462,1441,80,70,67,320156,159477,98555,100.0,100.0
Orissa,Kalahandi,19.784253092783523,83.1124043814433,395,1576869,787101,789768,802036,484177,317859,286580,449456,1555367,4975,11160,796,175,1225,220,880160,415778,275533,100.0,100.0
Orissa,Kandhamal,20.092878624813142,84.02216352765326,390,733110,359945,373165,399786,233900,165886,115544,392820,580300,2138,148895,82,290,47,23,436625,177471,117777,100.0,100.0
Orissa,Kendrapara,20.606319815982264,86.83763247572003,379,1440361,717814,722547,1089265,579970,509295,309780,9484,1386792,50247,1423,169,62,52,24,771284,374559,290894,100.0,100.0
Orissa,Khordha,20.054162322274863,85.52234834123229,386,2251673,1167137,1084536,1749936,957515,792421,297472,115051,2147632,84060,12527,1264,475,476,434,1199521,653346,391701,100.0,100.0
Orissa,Koraput,18.82627794779476,82.81278469846964,398,1379647,678809,700838,568090,340843,227247,196540,697583,1294151,8850,68550,518,219,491,3384,818578,348803,207206,100.0,0.0
Orissa,Malkangiri,18.25227930367506,81.98293636363628,399,613192,303624,309568,244706,147001,97705,138295,354614,600219,1871,10039,213,43,195,35,381913,146355,83284,100.0,0.0
Orissa,Mayurbhanj,21.897621545157754,86.4030408052231,376,2519738,1256213,1263525,1369397,794171,575226,184682,1479576,2113079,33706,15008,661,162,109,351714,1449729,650135,414076,100.0,100.0
Orissa,Nayagarh,20.192895622119817,85.05614700460825,385,962789,502636,460153,688362,392333,296029,136399,58691,955754,5278,383,107,33,24,12,502136,262086,196994,100.0,100.0
Orissa,Nuapada,20.471309512195116,82.59152536585364,394,610382,301962,308420,299383,180903,118480,82159,206327,601092,4952,1778,724,76,905,22,344075,152681,112325,100.0,0.0
Orissa,Puri,19.83509174603177,85.86698989898981,387,1698730,865380,833350,1291939,704857,587082,325133,6129,1644905,46094,4239,193,243,94,302,888134,477430,328666,100.0,100.0
Orissa,Rayagada,19.292840020060204,83.45860120361095,396,967911,471960,495951,407735,241959,165776,139514,541905,874445,4607,84916,219,249,123,44,577569,245766,140825,100.0,0.0
Orissa,Sambalpur,21.515752380952385,84.34958483245157,372,1041099,526877,514222,703691,393192,310499,191827,355261,964188,20120,50637,2506,310,86,1117,565700,286575,186726,100.0,100.0
Orissa,Sundargarh,22.06354819277107,84.50524819277099,374,2093437,1061147,1032290,1342322,750147,592175,191660,1062349,1532352,71391,385011,5713,710,721,89986,1188918,573238,324436,100.0,100.0
Puducherry,Karaikal,10.876161726078813,79.82369793621002,637,200222,97809,102413,154916,79903,75013,35348,0,152638,28835,18391,46,63,54,14,102333,60089,37434,100.0,100.0
Puducherry,Mahe,12.006420793787758,75.28275021570326,636,41816,19143,22673,36470,16610,19860,144,0,27940,12856,958,3,21,14,3,19760,12543,9428,100.0,100.0
Puducherry,Yanam,16.707695652173904,82.26187304347832,634,55626,27301,28325,39274,19919,19355,8427,0,53537,1191,873,3,1,4,4,31973,15235,8402,100.0,100.0
Punjab,Amritsar,31.548679820627772,74.79883856502238,49,2490656,1318408,1172248,1684770,932981,751789,770864,0,690939,12502,54344,1716935,876,3152,1044,1384987,667193,436496,100.0,100.0
Punjab,Bathinda,30.190524611973352,75.05685898004438,46,1388525,743197,645328,844868,488261,356607,450473,0,380569,16299,2474,984286,246,1266,559,754927,377707,255283,100.0,100.0
Punjab,Faridkot,30.591187250996025,74.79751553784862,45,617508,326671,290837,381285,215767,165518,240328,0,141363,3125,1227,469789,155,1109,103,336540,164962,113721,100.0,100.0
Punjab,Fatehgarh Sahib,30.64290947368421,76.36208394736842,40,600163,320795,279368,426033,238696,187337,192493,0,152851,16808,1698,427521,48,178,251,321018,166781,111028,100.0,100.0
Punjab,Firozpur,30.63407535211269,74.40245732394365,43,2029074,1071637,957437,1227511,707070,520441,855726,0,906408,6844,19358,1090815,454,1143,278,1171770,525459,331259,100.0,100.0
Punjab,Gurdaspur,32.04283371212125,75.3204064393939,35,2298323,1212617,1085706,1634719,907660,727059,580576,0,1074332,27667,176587,1002874,405,580,812,1261421,611353,423301,100.0,100.0
Punjab,Hoshiarpur,31.55157169811319,75.8469857442349,38,1586625,809057,777568,1199699,637927,561772,557504,0,1000743,23089,14968,538208,3476,2034,531,831741,422782,330671,100.0,100.0
Punjab,Jalandhar,31.250336907216507,75.54400350515463,37,2193590,1145211,1048379,1622537,882581,739956,854444,0,1394329,30233,26016,718363,11385,4011,805,1159156,616431,416449,100.0,100.0
Punjab,Kapurthala,31.336592638036837,75.47641165644177,36,815168,426311,388857,576567,316254,260313,276707,0,336124,10190,5445,453692,6662,553,334,433331,222324,157833,100.0,100.0
Punjab,Ludhiana,30.76596397379912,75.83110851528383,41,3498739,1867816,1630923,2560225,1428348,1131877,923358,0,1502403,77713,16517,1863408,2007,19620,1254,1901528,980046,614258,100.0,100.0
Punjab,Mansa,29.919547714285724,75.4304922857143,47,769751,408732,361019,423560,244037,179523,258878,0,156539,10375,917,598443,123,1577,493,420050,200882,146103,100.0,100.0
Punjab,Moga,30.756540067340065,75.1600845117845,42,995746,525920,469826,627889,348549,279340,363417,0,158414,9388,3277,818921,178,436,365,535408,258826,194768,100.0,100.0
Punjab,Muktsar,30.31243303303303,74.5518747747748,44,901896,475622,426274,524848,300401,224447,381554,0,254920,4333,1681,638625,240,744,433,495167,242628,162297,100.0,100.0
Punjab,Patiala,30.214540380693364,76.27505893949697,48,1895686,1002522,893164,1266791,711052,555739,465359,0,783306,40043,5683,1059944,245,1914,1410,1042519,517079,335100,100.0,100.0
Punjab,Rupnagar,30.910937330754347,76.53743500967126,51,684627,357485,327142,502731,278534,224197,180905,0,304481,14492,2094,361045,118,653,143,365300,185424,131707,100.0,100.0
Punjab,Sangrur,30.185045204336895,75.89437014178496,53,1655169,878029,777140,1002077,570413,431664,461609,0,389410,179116,2406,1077438,268,3222,1038,904316,435148,311621,100.0,100.0
Rajasthan,Ajmer,26.199300378787903,74.6990419191919,119,2583052,1324085,1258967,1526673,926268,600405,478027,63482,2201663,314159,10605,6799,417,45614,184,1561077,629951,388040,100.0,100.0
Rajasthan,Alwar,27.55271738035265,76.65359630562563,104,3674179,1939026,1735153,2182476,1359829,822647,653036,289249,3039279,547335,2696,64532,4384,13221,348,2346721,836000,490137,100.0,100.0
Rajasthan,Banswara,23.453642032967014,74.44246868131869,125,1797485,907754,889731,829343,513854,315489,80091,1372999,1701234,48834,22250,427,138,22613,109,1153029,406214,216554,100.0,0.0
Rajasthan,Baran,24.98023243243244,76.86210651828291,128,1222755,633945,588810,693307,432607,260700,221184,276857,1133349,79984,1432,3066,84,2795,48,762204,286344,173100,100.0,100.0
Rajasthan,Barmer,25.77070908045978,71.50297126436782,115,2603751,1369022,1234729,1188322,783461,404861,436414,176257,2244882,321192,1157,450,157,34010,34,1731122,527629,326476,100.0,0.0
Rajasthan,Bharatpur,27.32411858037578,77.21752077244258,105,2548462,1355726,1192736,1480869,943910,536959,557305,54090,2143046,371286,1576,23456,899,5758,18,1659515,546362,329127,100.0,100.0
Rajasthan,Bhilwara,25.45119767759564,74.63947595628417,122,2408523,1220736,1187787,1256126,777582,478544,407947,229273,2224839,142427,1978,1468,183,35149,60,1439454,589476,365023,100.0,100.0
Rajasthan,Bikaner,28.12489068322981,73.26943322981371,101,2363937,1240801,1123136,1278801,782399,496402,493646,7779,2073356,235741,1901,20072,285,30850,79,1543867,517271,288165,100.0,100.0
Rajasthan,Bundi,25.48580716049379,75.79984074074079,121,1110906,577160,533746,585044,371705,213339,210788,228549,1017688,66609,682,11059,144,13455,24,686771,267648,155958,100.0,100.0
Rajasthan,Chittaurgarh,24.631623761665463,74.80010997846382,126,1544338,783171,761167,821825,514851,306974,250224,201546,1413163,97855,1274,1515,252,25843,136,880043,398303,258997,100.0,100.0
Rajasthan,Churu,28.29330375536484,74.65846427038629,102,2039547,1051446,988101,1149269,696729,452540,451721,11245,1777879,249736,958,402,188,7104,127,1293193,458725,272176,100.0,100.0
Rajasthan,Dausa,26.91234817629181,76.57342097264443,109,1634409,857787,776622,938051,596935,341116,354337,433344,1582335,45488,439,296,94,3737,115,1047136,358718,210117,100.0,100.0
Rajasthan,Dhaulpur,26.72397054945053,77.74476219780222,106,1206516,653647,552869,683098,435721,247377,245695,58594,1127520,72258,688,1356,92,2739,21,815651,248416,141365,100.0,100.0
Rajasthan,Dungarpur,23.75104807692308,73.84765641025645,124,1388552,696532,692020,681591,415820,265771,52267,983437,1340065,28662,830,240,226,16141,853,868458,317700,191917,100.0,0.0
Rajasthan,Ganganagar,29.256785412667963,73.56192303262948,99,1969168,1043340,925828,1193343,710908,482435,720412,13477,1437144,50688,2077,474853,938,1988,164,1167889,502211,283484,100.0,100.0
Rajasthan,Hanumangarh,29.1813351791531,74.74632573289902,100,1774692,931184,843508,1034136,624281,409855,494189,14289,1433067,118673,1542,216997,241,1935,138,1058044,453114,242361,100.0,100.0
Rajasthan,Jaipur,27.033459290187885,75.77117286012533,110,6626178,3468507,3157671,4300965,2554793,1746172,1003302,527966,5819980,687452,12708,18782,1020,81079,257,4091148,1646480,884057,100.0,100.0
Rajasthan,Jaisalmer,26.86900838548185,71.18371877346682,114,669919,361708,308211,308653,210415,98238,99134,42429,497045,168129,874,1723,98,1521,34,448969,140294,79977,100.0,0.0
Rajasthan,Jalor,25.07578093797277,72.18647261724662,116,1828730,936634,892096,829582,543923,285659,357196,178719,1732852,78990,730,231,144,14640,82,1176496,390598,249379,100.0,0.0
Rajasthan,Jhalawar,24.24725541474657,76.11242891705065,129,1411129,725143,685986,739792,466815,272977,243582,182229,1299751,96164,842,819,46,12488,42,850546,346110,213674,100.0,100.0
Rajasthan,Jhunjhunun,28.13517401247401,75.52840893970894,103,2137045,1095896,1041149,1370360,815834,554526,360709,41629,1905682,228178,1004,275,56,548,85,1298780,494124,330126,100.0,100.0
Rajasthan,Jodhpur,26.678460838536967,73.00450847457628,113,3687165,1923928,1763237,2031532,1265753,765779,608024,118924,3224399,411558,6035,4123,514,36697,80,2359786,836322,489280,100.0,100.0
Rajasthan,Karauli,26.51901555555556,76.96081818181815,107,1458248,783639,674609,805849,531904,273945,354465,324960,1370977,81553,602,297,70,3424,413,947173,310688,192042,100.0,100.0
Rajasthan,Kota,25.175718080000014,76.18618928000001,127,1951014,1021161,929853,1298345,765396,532949,405408,183816,1661307,243993,5665,11058,280,25742,286,1177474,495896,275396,100.0,100.0
Rajasthan,Nagaur,27.07862016048146,74.14215667001012,112,3307743,1696325,1611418,1758624,1102750,655874,699911,10418,2833443,454487,1912,366,163,12940,276,2088323,754143,463469,100.0,100.0
Rajasthan,Pali,25.80490393541874,73.55285640766907,118,2037573,1025422,1012151,1085693,667381,418312,398096,144578,1870543,143476,1345,1540,141,18974,52,1207983,467436,343384,100.0,100.0
Rajasthan,Rajsamand,25.24894767441859,73.96570215946844,123,1156597,581339,575258,619139,383334,235805,148168,160809,1105676,33677,759,260,100,14966,68,687165,275099,193668,100.0,100.0
Rajasthan,Sawai Madhopur,26.251081180223288,76.4219283891548,108,1335551,704031,631520,741748,486184,255564,278789,285848,1165505,155681,945,812,177,9991,42,841697,309237,183234,100.0,100.0
Rajasthan,Sikar,27.64644058641976,75.29317422839503,111,2677333,1374990,1302343,1652117,995275,656842,418806,75349,2342076,327583,1122,356,177,4050,15,1672813,605002,381226,100.0,100.0
Rajasthan,Sirohi,24.7976905263158,72.75309131578943,117,1036346,534231,502115,476806,309900,166906,201863,292470,996562,30479,1284,572,114,6829,56,649290,244401,142251,100.0,0.0
Rajasthan,Tonk,26.153935071707927,75.79192216427637,120,1421326,728136,693190,749659,478329,271330,287903,178207,1243527,153146,754,378,122,22458,30,880194,334006,205593,100.0,100.0
Rajasthan,Udaipur,24.44076752136749,73.84029839743584,130,3068420,1566801,1501619,1582629,973444,609185,188525,1525289,2869976,104307,7406,4278,209,78647,373,1876436,739287,451034,100.0,100.0
Sikkim,East,27.29600352941175,88.74908392156858,93,1709346,907500,801846,1352998,748382,604616,281422,0,1410852,178807,15792,53027,2643,46927,366,948963,497157,262124,100.0,100.0
Tamil Nadu,Ariyalur,11.190514836795256,79.22249643916912,616,754894,374703,380191,480604,269582,211022,176230,10722,708397,7942,37403,104,88,65,42,380484,216103,157771,100.0,100.0
Tamil Nadu,Chennai,13.058098905608748,80.28139151846806,603,4646732,2335844,2310888,3776276,1968079,1808197,779667,10061,3751322,439270,358662,2851,2804,51708,1759,2271657,1468902,899279,100.0,100.0
Tamil Nadu,Coimbatore,10.871376995940452,77.07619012178621,632,3458045,1729297,1728748,2635907,1394790,1241117,535911,28342,3044145,211035,190314,1112,435,3284,237,1579517,1117221,757738,100.0,100.0
Tamil Nadu,Cuddalore,11.57587300613498,79.63002365371497,617,2605914,1311697,1294217,1815281,1000322,814959,763944,15702,2391675,123749,83334,401,236,1280,138,1364411,764669,473617,100.0,100.0
Tamil Nadu,Dharmapuri,12.300141200000006,78.11509813333339,630,1506843,774303,732540,917709,527599,390110,245392,63044,1452956,38304,14089,164,39,37,87,804186,434328,267536,100.0,100.0
Tamil Nadu,Dindigul,10.377801390820574,77.78011279554937,612,2159775,1080938,1078837,1481834,816180,665654,452376,8064,1879494,105012,169945,313,256,71,138,1065734,647806,443528,100.0,100.0
Tamil Nadu,Erode,11.267012155963302,77.42034334862392,610,2251744,1129868,1121876,1492662,828300,664362,369483,21880,2115455,76098,55899,435,148,639,157,1006543,701326,542295,100.0,100.0
Tamil Nadu,Kancheepuram,12.496424756511884,80.08820360135913,604,3998252,2012958,1985294,3013382,1611461,1401921,948081,41210,3537399,173785,256762,1620,990,4962,756,2076492,1200284,715895,100.0,100.0
Tamil Nadu,Kanniyakumari,8.183466300191206,77.32053064053538,629,1870374,926345,944029,1548738,780541,768197,74249,7282,909872,78590,876299,160,438,156,10,887052,556548,425849,100.0,100.0
Tamil Nadu,Karur,10.79532776617955,78.08749686847604,613,1064493,528184,536309,727044,401726,325318,221385,575,993666,53292,16483,115,29,7,79,501585,320645,241843,100.0,100.0
Tamil Nadu,Madurai,9.904313833333331,78.01366033333332,623,3038252,1526475,1511777,2273430,1223810,1049620,408976,11096,2760502,168881,97711,520,199,1532,305,1528178,913715,593827,100.0,100.0
Tamil Nadu,Nagapattinam,10.789468161718286,79.79437299431483,618,1616450,798127,818323,1213008,640916,572092,509767,3756,1435072,128617,47579,184,450,963,110,828444,463326,323706,100.0,100.0
Tamil Nadu,Namakkal,11.33766638477801,78.14624841437633,609,1726601,869280,857321,1176131,653312,522819,345392,57059,1673652,32483,16909,183,108,84,199,817905,510413,397064,100.0,100.0
Tamil Nadu,Perambalur,11.260137758112096,78.86034011799416,615,565223,282157,283066,375823,208011,167812,175289,2584,521658,32702,10301,83,39,38,26,291371,158218,115151,100.0,100.0
Tamil Nadu,Pudukkottai,10.130514816433578,79.05444484265728,621,1618345,803188,815157,1110545,608776,501769,284804,1283,1428784,114194,72850,119,81,32,293,835853,470428,311175,100.0,100.0
Tamil Nadu,Ramanathapuram,9.31286995153476,78.99185362412462,626,1353445,682658,670787,978946,536487,442459,249008,1105,1047411,208038,91139,154,86,29,36,708322,389764,252888,100.0,100.0
Tamil Nadu,Salem,11.629324202127655,78.2478257978723,608,3482056,1781571,1700485,2285562,1285107,1000455,580512,119369,3326357,95487,53841,412,174,992,246,1737345,1029479,713294,100.0,100.0
Tamil Nadu,Sivaganga,9.960306580645158,78.56535729032255,622,1339101,668672,670429,959744,526304,433440,227746,790,1186078,74310,75481,150,80,109,24,666218,391356,280462,100.0,100.0
Tamil Nadu,Thanjavur,10.387692255892237,79.3194869107745,620,2405890,1182416,1223474,1790998,944264,846734,455062,3561,2075870,190814,133971,231,795,1256,148,1193095,712017,499235,100.0,100.0
Tamil Nadu,Theni,9.924066666666668,77.43458833333332,624,1245899,625683,620216,870080,479403,390677,258200,1835,1148990,56751,37574,152,79,28,74,618923,373564,252267,100.0,100.0
Tamil Nadu,Thiruvallur,13.275858101752885,80.19724702864492,602,3728104,1876062,1852042,2791721,1495711,1296010,821646,47243,3325823,143093,233633,1422,951,3693,530,1925296,1154775,643614,100.0,100.0
Tamil Nadu,Thiruvarur,10.368927409395978,79.60322893959727,619,1264277,626693,637584,946471,503085,443386,430927,3034,1132785,96092,33192,258,151,279,64,627880,377118,257116,100.0,100.0
Tamil Nadu,Tiruvannamalai,12.419318947368414,79.23265631578953,606,2464875,1235889,1228986,1626813,909803,717010,565329,90954,2294369,91636,66987,232,157,7898,110,1301347,683904,477668,100.0,100.0
Tamil Nadu,Vellore,12.784882632293078,79.02643283582084,605,3936331,1961688,1974643,2773928,1504355,1269573,860212,72955,3397857,414760,111390,676,438,3514,251,2096113,1116437,720713,100.0,100.0
Tamil Nadu,Virudhunagar,9.468872195892564,77.87641469194315,625,1942288,967709,974579,1398788,760375,638413,399831,2294,1822626,47838,67405,245,87,98,75,987538,575006,378174,100.0,100.0
Tripura,Dhalai,23.781360477941163,91.94654283088232,291,378230,194544,183686,276217,151643,124574,61688,210608,307120,8256,22940,175,39120,85,206,232286,95548,50269,100.0,100.0
Tripura,North Tripura,24.121739755351683,92.17842538226292,292,693947,352860,341087,520402,275646,244756,114968,179426,507967,105737,44062,151,34717,307,70,414878,178608,100274,100.0,100.0
Tripura,South Tripura,23.211874098057383,91.6065807585568,290,876001,447544,428457,646810,351082,295728,140168,344835,736015,49258,39258,245,49420,106,808,505558,236676,133424,100.0,100.0
Tripura,West Tripura,23.780166241299337,91.41310788863107,289,1725739,879428,846311,1361354,722998,638356,338094,431944,1512801,152791,53622,499,2128,362,430,940424,499719,284637,100.0,100.0
Uttar Pradesh,Agra,26.99512974910393,78.05278291517321,146,4418797,2364953,2053844,2680510,1614594,1065916,991325,7255,3922718,411313,10076,12057,4049,21508,384,2871903,991255,547873,100.0,100.0
Uttar Pradesh,Aligarh,27.93748576850093,78.00146831119557,143,3673889,1951996,1721893,2092567,1283380,809187,755254,629,2904140,729283,7635,5875,2582,2805,91,2378289,787408,472667,100.0,100.0
Uttar Pradesh,Allahabad,25.392038662316445,82.05172446982063,175,5954391,3131807,2822584,3665727,2199340,1466387,1309851,7955,5102041,796756,13782,4377,4391,2247,305,3764404,1335224,818137,100.0,100.0
Uttar Pradesh,Ambedkar Nagar,26.39119025974028,82.68282142857147,178,2397888,1212410,1185478,1486939,846676,640263,591125,746,1985654,401678,2536,869,1817,235,33,1499494,515229,367234,100.0,100.0
Uttar Pradesh,Auraiya,26.66892394014961,79.42637057356607,162,1379545,740040,639505,930836,546198,384638,391622,150,1273546,101963,1004,371,332,228,444,856336,320763,202054,100.0,100.0
Uttar Pradesh,Azamgarh,26.008290954773837,83.01220251256285,191,4613913,2285004,2328909,2771917,1559414,1212503,1171378,9327,3878626,718692,3810,719,5652,183,226,2930243,965876,699954,100.0,100.0
Uttar Pradesh,Baghpat,29.045793499999988,77.30266300000001,139,1303048,700070,602978,797970,489858,308112,149060,14,917474,364583,1840,483,161,16139,25,817140,283276,194548,100.0,100.0
Uttar Pradesh,Bahraich,27.691776300578027,81.46779783237004,180,3487731,1843884,1643847,1398368,878285,520083,509307,11159,2291892,1169330,6400,8212,2793,1177,38,2275746,754346,446242,100.0,0.0
Uttar Pradesh,Ballia,25.86075638297873,84.03651978723408,193,3239774,1672902,1566872,1963590,1160960,802630,494698,110114,3004240,213440,4463,892,1595,233,64,1975934,724362,502628,100.0,100.0
Uttar Pradesh,Balrampur,27.449076537911324,82.47158326180256,182,2148665,1114721,1033944,868357,544943,323414,277212,24887,1333242,805975,3228,900,1866,198,87,1415213,442339,283947,100.0,0.0
Uttar Pradesh,Banda,25.351885902503284,80.52487391304344,170,1799410,965876,833534,1002937,630626,372311,387855,163,1637549,157612,1367,231,168,916,50,1120432,408527,265310,100.0,100.0
Uttar Pradesh,Bara Banki,26.922777025232424,81.35762350597606,176,3260699,1707073,1553626,1692458,1010518,681940,864559,610,2505444,737106,4857,2090,1553,3016,211,2043335,709494,445269,100.0,100.0
Uttar Pradesh,Bareilly,28.51101940789474,79.43187072368416,150,4448359,2357665,2090694,2191759,1342697,849062,557150,3227,2830768,1536534,14822,28187,4371,931,339,2893965,952233,514141,100.0,0.0
Uttar Pradesh,Basti,26.833880454545447,82.69790590909092,185,2464464,1255272,1209192,1393783,819719,574064,513959,3620,2082976,364510,3493,900,9753,107,99,1574037,519265,363891,100.0,100.0
Uttar Pradesh,Bijnor,29.313974259681096,78.45098815489754,134,3682713,1921215,1761498,2135393,1241471,893922,787444,3058,2032081,1585210,6184,50624,1736,2134,41,2404576,786305,450186,100.0,100.0
Uttar Pradesh,Bulandshahr,28.34875862068968,78.01082758620684,142,3499171,1845260,1653911,2031656,1253314,778342,725600,198,2707195,777407,4088,2765,669,1572,86,2246254,753949,472808,100.0,100.0
Uttar Pradesh,Chandauli,25.1180859611231,83.25307062634984,196,1952756,1017905,934851,1174606,699454,475152,446786,41725,1727869,215081,2153,1389,340,100,1175,1222695,437000,287767,100.0,100.0
Uttar Pradesh,Chitrakoot,25.159924623803,81.07666087551297,171,991730,527721,464009,531072,330339,200733,266655,366,955372,34559,693,63,101,285,27,638046,214228,136669,100.0,100.0
Uttar Pradesh,Deoria,26.42218856548857,83.8244070686071,190,3100946,1537436,1563510,1875239,1079288,795951,468663,109894,2730957,358539,3626,818,1182,209,146,1946336,664708,481219,100.0,100.0
Uttar Pradesh,Etah,27.591155309734443,78.70021858407083,201,1774480,947339,827141,1055202,647042,408160,281011,140,1611126,146346,2464,708,2887,5671,18,1149372,383707,237427,100.0,100.0
Uttar Pradesh,Etawah,26.78817670157068,79.07621806282728,161,1581810,845856,735954,1062003,623583,438420,388283,169,1457892,113961,1362,1045,1733,3917,94,979633,362026,237786,100.0,100.0
Uttar Pradesh,Faizabad,26.60589185185181,82.00783530864202,177,2470996,1259628,1211368,1450901,838339,612562,555047,931,2094271,365806,3225,1912,737,358,185,1534832,543148,367332,100.0,100.0
Uttar Pradesh,Farrukhabad,27.45063297872342,79.4406284574468,159,1885204,1006240,878964,1092677,654827,437850,312712,230,1596278,276846,3137,3160,3161,487,100,1224584,411153,246795,100.0,100.0
Uttar Pradesh,Fatehpur,25.8374362030905,80.85416203090509,172,2632733,1384722,1248011,1512166,911003,601163,651480,340,2274674,350700,2201,402,172,199,47,1624830,603831,395547,100.0,100.0
Uttar Pradesh,Firozabad,27.20963993055552,78.42660624999998,147,2498156,1332046,1166110,1521806,912314,609492,473890,2565,2140745,314812,3370,1804,3395,19077,61,1621154,543730,312689,100.0,100.0
Uttar Pradesh,Gautam Buddha Nagar,28.393311038961038,77.52462467532465,141,1648115,890214,757901,1122947,666065,456882,216105,2215,1394025,215500,7366,9261,895,4518,91,1015648,402967,188862,100.0,100.0
Uttar Pradesh,Ghaziabad,28.74997308584685,77.67441879350343,140,4681645,2488834,2192811,3123264,1811397,1311867,773463,3968,3414427,1186776,19026,23001,3487,16412,265,2891069,1139871,559963,100.0,100.0
Uttar Pradesh,Ghazipur,25.624724775583484,83.5360854578097,195,3620268,1855075,1765193,2197549,1293553,903996,726641,28712,3233790,368153,4181,810,3145,213,184,2234593,774130,556273,100.0,100.0
Uttar Pradesh,Gonda,27.157215552099505,82.0226888024882,183,3433919,1787146,1646773,1679994,1034181,645813,531973,870,2739076,678615,4735,1893,649,338,57,2223078,734903,464584,100.0,0.0
Uttar Pradesh,Gorakhpur,26.63315886792452,83.3549560377358,188,4440895,2277777,2163118,2700328,1593890,1106438,936061,18172,4009037,403847,9662,2123,2848,460,207,2755630,992114,659677,100.0,100.0
Uttar Pradesh,Hardoi,27.337409090909137,80.26411767676768,155,4092845,2191442,1901403,2221601,1374587,847014,1274505,349,3508131,556219,5822,5688,6671,446,98,2598364,905306,559988,100.0,100.0
Uttar Pradesh,Jalaun,26.067954587155988,79.36686911314993,165,1689974,906092,783882,1075196,653430,421766,468178,832,1509708,171581,1148,463,2875,256,145,1002817,410090,274954,100.0,100.0
Uttar Pradesh,Jaunpur,25.70141280913127,82.54315351934063,194,4494204,2220465,2273739,2731677,1565394,1166283,990345,4736,3981502,483750,4947,1286,7898,349,114,2826453,927026,689979,100.0,100.0
Uttar Pradesh,Jhansi,25.45581535234902,78.89954580536917,166,1998603,1057436,941167,1304513,783705,520808,562505,3873,1823930,147842,7050,4951,1203,7328,311,1171301,510728,308331,100.0,100.0
Uttar Pradesh,Jyotiba Phule Nagar,28.870498984771597,78.39009365482241,137,1840221,963449,876772,983110,600541,382569,318001,164,1075440,750368,5952,5295,189,517,21,1227283,391275,215849,100.0,100.0
Uttar Pradesh,Kannauj,26.993988617886185,79.64437940379408,160,1656616,881776,774840,1017087,603596,413491,309980,15,1375788,273967,1263,504,2033,606,65,1069916,361028,223535,100.0,100.0
Uttar Pradesh,Kanpur Dehat,26.43047641196011,79.98710083056478,163,1796184,963255,832929,1170243,692964,477279,460544,801,1612968,176327,1300,478,819,155,103,1100820,415918,276272,100.0,100.0
Uttar Pradesh,Kaushambi,25.53587532051282,81.41811282051287,174,1599596,838485,761111,813424,507279,306145,555397,193,1372381,220423,2225,522,687,545,3,1034099,336401,210556,100.0,100.0
Uttar Pradesh,Kushinagar,26.892530675909864,83.92261542461007,189,3564544,1818055,1746489,1954820,1183722,771098,544231,80269,2928462,620244,5006,767,4619,383,133,2236842,772777,500373,100.0,100.0
Uttar Pradesh,Lalitpur,24.58877161016945,78.60082330508473,167,1221592,641011,580581,641191,397586,243605,240519,71610,1163804,33724,1351,1034,69,20390,41,793551,265080,159666,100.0,100.0
Uttar Pradesh,Lucknow,26.838233589251463,80.89706026871404,157,4589838,2394476,2195362,3127260,1742440,1384820,948294,7506,3537787,985070,20493,23883,3877,4975,504,2678289,1161686,685258,100.0,100.0
Uttar Pradesh,Mahoba,25.34529670138888,79.67863003472216,169,875958,466358,409600,488106,302283,185823,220898,647,815142,57454,965,389,94,234,157,527067,201394,137393,100.0,100.0
Uttar Pradesh,Mainpuri,27.17386862302482,79.03501851015807,148,1868529,993377,875152,1203885,712110,491775,368206,478,1746649,100723,1729,475,8814,4161,38,1193660,402321,265638,100.0,100.0
Uttar Pradesh,Mathura,27.59390432801821,77.62153416856502,145,2547184,1367125,1180059,1507746,943346,564400,506580,1520,2310776,216933,3179,2872,883,2056,126,1600686,535738,327854,100.0,100.0
Uttar Pradesh,Mau,26.01082203791469,83.50582654028433,192,2205968,1114709,1091259,1363044,773082,589962,474537,22915,1769937,428555,2109,340,564,155,129,1402738,467343,323260,100.0,100.0
Uttar Pradesh,Meerut,29.02957625698323,77.80611005586593,138,3443689,1825743,1617946,2141488,1254520,886968,624149,3390,2183255,1185643,10582,24912,1855,18544,236,2165117,780475,451827,100.0,100.0
Uttar Pradesh,Mirzapur,25.10207959183675,82.60126628571429,199,2496970,1312302,1184668,1428683,865837,562846,661129,20132,2292534,195765,2373,1133,341,701,27,1590528,552177,346773,100.0,100.0
Uttar Pradesh,Moradabad,28.851770406189537,78.73580193423597,135,4772006,2503186,2268820,2263848,1357435,906413,731406,685,2488265,2248392,13157,7555,1260,2426,382,3168270,988486,525574,100.0,0.0
Uttar Pradesh,Muzaffarnagar,29.470507977736563,77.64017847866423,133,4143512,2193434,1950078,2417339,1448528,968811,561250,317,2382914,1711453,6495,18601,1516,16345,60,2671757,911621,544283,100.0,100.0
Uttar Pradesh,Pilibhit,28.52024175035868,79.90103974175037,151,2031007,1072002,959005,1061095,654290,406805,333558,1714,1449007,489686,3510,84787,360,138,45,1320476,449673,256276,100.0,100.0
Uttar Pradesh,Pratapgarh,25.864842731707316,81.93530048780492,131,867848,437744,430104,401515,250122,151393,60429,550427,827293,25597,358,72,32,14077,27,545987,204801,115608,100.0,0.0
Uttar Pradesh,Pratapgarh,25.864842731707316,81.93530048780492,173,3209141,1606085,1603056,1931559,1121381,810178,709252,723,2731351,452394,3920,1451,7795,746,43,2002569,703727,492097,100.0,100.0
Uttar Pradesh,Rae Bareli,26.253902840059787,81.22260463378181,158,3405559,1752542,1653017,1965843,1165965,799878,1030367,1756,2975998,413243,3634,2424,722,397,602,2116007,776583,506583,100.0,100.0
Uttar Pradesh,Rampur,28.83244727272725,79.10977333333337,136,2335819,1223889,1111930,1043666,630408,413258,307936,358,1073890,1181337,9201,65316,384,1307,63,1576123,491164,258913,100.0,0.0
Uttar Pradesh,Saharanpur,30.03381165217392,77.59905147826095,132,3466382,1834106,1632276,2077108,1220114,856994,764450,980,1966892,1454052,6523,18627,1937,10208,135,2228689,769736,433862,100.0,100.0
Uttar Pradesh,Sant Kabir Nagar,26.791596516393444,83.0387764344262,186,1715183,869656,845527,954949,567098,387851,369039,1593,1300586,404410,1766,447,4393,95,35,1108368,352395,250502,100.0,100.0
Uttar Pradesh,Shahjahanpur,27.991389350649328,79.8302275324675,152,3006538,1606403,1400135,1490930,915142,575788,532673,508,2412595,527581,4630,51090,2312,301,84,1961237,652237,368743,100.0,0.0
Uttar Pradesh,Sitapur,27.501995963091108,80.85288881199547,154,4483992,2375264,2108728,2283733,1397702,886031,1446427,1602,3555450,893725,6579,11611,2663,1410,79,2862383,1000987,588318,100.0,100.0
Uttar Pradesh,Sonbhadra,24.46693268858798,83.06816324951639,200,1862559,971344,891215,985708,601988,383720,421661,385018,1738769,103567,3963,1649,1747,487,1907,1203938,418914,237866,100.0,100.0
Uttar Pradesh,Sultanpur,26.2846386419753,82.05710456790123,179,3797117,1914586,1882531,2239902,1300248,939654,851587,696,3119590,650261,4453,1629,9989,426,336,2376875,828222,580164,100.0,100.0
Uttar Pradesh,Unnao,26.63163990895297,80.636773292868,156,3108367,1630087,1478280,1773584,1053063,720521,948588,2926,2732016,363453,3574,1204,920,240,31,1893706,706851,453462,100.0,100.0
Uttar Pradesh,Varanasi,25.36057088888889,82.82529666666672,197,3676841,1921857,1754984,2403903,1389116,1014787,486958,28617,3107681,546987,7696,3309,1146,1898,298,2260457,856070,531549,100.0,100.0
Uttaranchal,Almora,29.683532133676103,79.50165064267351,64,622506,291081,331425,436497,231604,204893,150995,1281,611250,7752,1895,256,201,31,6,351595,141238,128994,100.0,100.0
Uttaranchal,Bageshwar,29.98703393393397,79.83954354354357,63,259898,124326,135572,179483,97546,81937,72061,1982,257509,1440,397,46,102,7,16,147488,60569,51672,100.0,100.0
Uttaranchal,Chamoli,30.58338611464965,79.56281095541402,57,391605,193991,197614,280556,155395,125161,79317,12260,385818,4395,428,323,190,11,23,229715,93182,67873,100.0,100.0
Uttaranchal,Champawat,29.29142393939393,80.07720212121217,65,259648,131125,128523,177726,102015,75711,47383,1339,249563,8693,870,336,24,28,6,156916,60722,41913,100.0,100.0
Uttaranchal,Pithoragarh,30.14720631868129,80.34229230769236,62,483439,239306,244133,345550,189623,155927,120378,19535,475105,6015,1401,260,185,13,30,273494,116749,92517,100.0,100.0
Uttaranchal,Tehri Garhwal,30.463700918635173,78.48783792650917,59,618931,297986,320945,407994,227406,180588,102130,875,609835,7374,656,290,32,91,109,368324,139371,109998,100.0,100.0
Uttaranchal,Udham Singh Nagar,29.02779577677222,79.45629004524895,67,1648902,858783,790119,1037839,598525,439314,238264,123037,1104452,372267,6064,162768,505,738,159,1042614,392370,212223,100.0,100.0
Uttaranchal,Uttarkashi,30.968958552036234,78.56880615384617,56,330086,168597,161489,215126,128237,86889,80567,3512,324859,3554,353,167,563,74,105,202426,75997,51245,100.0,100.0
West Bengal,Bankura,23.081280892857155,87.12640053571437,339,3596674,1838095,1758579,2232992,1299337,933655,1174447,368690,3033581,290450,3865,386,260,2904,260694,1942335,1014764,637834,100.0,100.0
West Bengal,Barddhaman,23.444453888888884,87.8150581111111,335,7717563,3966889,3750674,5247208,2918040,2329168,2115719,489447,6008472,1599764,21220,16675,1602,1674,44968,4149420,2265543,1292913,100.0,100.0
West Bengal,Birbhum,24.06389342723,87.65153089201888,334,3502404,1790920,1711484,2158447,1201481,956966,1033140,242484,2181515,1298054,10906,582,258,1152,6051,2008655,952059,539463,100.0,100.0
West Bengal,Dakshin Dinajpur,25.342094363021435,88.69821679819614,331,1676276,857199,819077,1083685,596474,487211,482754,275366,1232850,412788,24794,276,148,323,2786,937283,465982,271423,100.0,100.0
West Bengal,Darjiling,26.839619571045585,88.33145067024122,327,1846823,937259,909564,1315585,717673,597912,317275,397389,1366681,105086,141848,2032,209240,1840,15523,1031221,523288,289979,100.0,100.0
West Bengal,Haora,22.401674174428507,87.99421176968654,341,4850029,2500819,2349210,3605206,1942824,1662382,718951,15094,3535844,1270641,8666,4380,1258,9699,1265,2587164,1423304,833104,100.0,100.0
West Bengal,Hugli,22.87929264705881,88.00010264705891,338,5519145,2814653,2704492,4078388,2211777,1866611,1344021,229243,4574569,870204,7300,2662,1730,2160,49050,2766489,1688206,1060821,100.0,100.0
West Bengal,Jalpaiguri,26.62642031250004,89.04154375000003,328,3872846,1983064,1889782,2498780,1396622,1102158,1458278,731704,3156781,445817,186279,2994,50676,1461,23816,2259507,1035449,575667,100.0,100.0
West Bengal,Kolkata,22.550581481481483,88.3527648148148,342,4496694,2356766,2139928,3588137,1926915,1661222,241932,10684,3440290,926414,39758,13849,4771,21178,1452,2025389,1433314,1014769,100.0,100.0
West Bengal,Maldah,25.08026802575105,88.17191684549356,332,3988845,2051541,1937304,2086432,1152019,934413,835430,313984,1914352,2045151,13209,747,359,639,7929,2511004,955283,520122,100.0,100.0
West Bengal,Murshidabad,24.25950655391121,88.16816860465121,333,7103807,3627564,3476243,4055834,2177187,1878647,897534,91035,2359061,4707573,18102,766,348,3037,7429,4390564,1717594,991413,100.0,100.0
West Bengal,Nadia,23.56410971055088,88.58293034547152,336,5167600,2653768,2513832,3480555,1878866,1601689,1546917,140700,3728482,1382682,33835,849,514,281,16893,2745828,1484986,934417,100.0,100.0
West Bengal,Puruliya,23.254192328767108,86.3968532876713,340,2930115,1496996,1433119,1624905,1002058,622847,567767,540652,2373120,227249,8646,622,209,3052,309029,1678057,764776,484166,100.0,100.0
West Bengal,Uttar Dinajpur,26.044619165196977,88.23595232216337,330,3007134,1551066,1456068,1489667,853495,636172,807950,162816,1482943,1501170,16702,477,432,1324,1622,1916033,704859,385155,100.0,0.0
